USE Matrix
GO

INSERT tbl_sex (id_sex, full_name, symbol, is_active, creation_time) VALUES (N'e153d5c5-fb16-eb11-995e-000c295890ee', N'Mężczyzna', N'♂', 1, CAST(N'2020-10-25T19:53:38.660' AS DateTime))
INSERT tbl_sex (id_sex, full_name, symbol, is_active, creation_time) VALUES (N'e253d5c5-fb16-eb11-995e-000c295890ee', N'Kobieta', N'♀', 1, CAST(N'2020-10-25T19:53:42.970' AS DateTime))
GO

INSERT tbl_identity_document_type (id_identity_document_type, full_name, is_active, creation_time) VALUES (N'c7c28e99-f716-eb11-995e-000c295890ee', N'Dowód Osobisty', 1, CAST(N'2020-10-25T19:23:46.390' AS DateTime))
INSERT tbl_identity_document_type (id_identity_document_type, full_name, is_active, creation_time) VALUES (N'c8c28e99-f716-eb11-995e-000c295890ee', N'Paszport', 1, CAST(N'2020-10-25T19:23:50.627' AS DateTime))
INSERT tbl_identity_document_type (id_identity_document_type, full_name, is_active, creation_time) VALUES (N'0c4566a1-f716-eb11-995e-000c295890ee', N'Karta Tożsamości', 1, CAST(N'2020-10-25T19:23:59.550' AS DateTime))
GO

INSERT tbl_security_clearance_type (id_security_clearance_type, full_name, is_active, creation_time) VALUES (N'ef75a0cd-fe16-eb11-995e-000c295890ee', N'Poświadczenie Bezpieczeństwa', 1, CAST(N'2020-10-25T20:15:20.220' AS DateTime))
INSERT tbl_security_clearance_type (id_security_clearance_type, full_name, is_active, creation_time) VALUES (N'e3844ed6-fe16-eb11-995e-000c295890ee', N'Security Clearance Certificate', 1, CAST(N'2020-10-25T20:15:34.773' AS DateTime))
GO

INSERT tbl_nation (id_nation, polish_name, english_name, alpha2_code, alpha3_code, numeric_code, iso_code, is_active, creation_time) VALUES (N'04f817b5-f216-eb11-995e-000c295890ee', N'Afganistan', N'Afghanistan', N'AF', N'AFG', 4, N'ISO 3166-2:AF', 1, CAST(N'2020-10-25T18:48:45.113' AS DateTime))
INSERT tbl_nation (id_nation, polish_name, english_name, alpha2_code, alpha3_code, numeric_code, iso_code, is_active, creation_time) VALUES (N'05f817b5-f216-eb11-995e-000c295890ee', N'Albania', N'Albania', N'AL', N'ALB', 8, N'ISO 3166-2:AL', 1, CAST(N'2020-10-25T18:48:45.113' AS DateTime))
INSERT tbl_nation (id_nation, polish_name, english_name, alpha2_code, alpha3_code, numeric_code, iso_code, is_active, creation_time) VALUES (N'06f817b5-f216-eb11-995e-000c295890ee', N'Algieria', N'Algeria', N'DZ', N'DZA', 12, N'ISO 3166-2:DZ', 1, CAST(N'2020-10-25T18:48:45.113' AS DateTime))
INSERT tbl_nation (id_nation, polish_name, english_name, alpha2_code, alpha3_code, numeric_code, iso_code, is_active, creation_time) VALUES (N'07f817b5-f216-eb11-995e-000c295890ee', N'Andora', N'Andorra', N'AD', N'AND', 20, N'ISO 3166-2:AD', 1, CAST(N'2020-10-25T18:48:45.113' AS DateTime))
INSERT tbl_nation (id_nation, polish_name, english_name, alpha2_code, alpha3_code, numeric_code, iso_code, is_active, creation_time) VALUES (N'08f817b5-f216-eb11-995e-000c295890ee', N'Anla', N'Anla', N'AO', N'A', 24, N'ISO 3166-2:AO', 1, CAST(N'2020-10-25T18:48:45.113' AS DateTime))
INSERT tbl_nation (id_nation, polish_name, english_name, alpha2_code, alpha3_code, numeric_code, iso_code, is_active, creation_time) VALUES (N'09f817b5-f216-eb11-995e-000c295890ee', N'Anguilla', N'Anguilla', N'AI', N'AIA', 660, N'ISO 3166-2:AI', 1, CAST(N'2020-10-25T18:48:45.113' AS DateTime))
INSERT tbl_nation (id_nation, polish_name, english_name, alpha2_code, alpha3_code, numeric_code, iso_code, is_active, creation_time) VALUES (N'0af817b5-f216-eb11-995e-000c295890ee', N'Antarktyda', N'Antarctica', N'AQ', N'ATA', 10, N'ISO 3166-2:AQ', 1, CAST(N'2020-10-25T18:48:45.113' AS DateTime))
INSERT tbl_nation (id_nation, polish_name, english_name, alpha2_code, alpha3_code, numeric_code, iso_code, is_active, creation_time) VALUES (N'0bf817b5-f216-eb11-995e-000c295890ee', N'Antigua i Barbuda', N'Antigua and Barbuda', N'AG', N'ATG', 28, N'ISO 3166-2:AG', 1, CAST(N'2020-10-25T18:48:45.113' AS DateTime))
INSERT tbl_nation (id_nation, polish_name, english_name, alpha2_code, alpha3_code, numeric_code, iso_code, is_active, creation_time) VALUES (N'0cf817b5-f216-eb11-995e-000c295890ee', N'Arabia Saudyjska', N'Saudi Arabia', N'SA', N'SAU', 682, N'ISO 3166-2:SA', 1, CAST(N'2020-10-25T18:48:45.113' AS DateTime))
INSERT tbl_nation (id_nation, polish_name, english_name, alpha2_code, alpha3_code, numeric_code, iso_code, is_active, creation_time) VALUES (N'0df817b5-f216-eb11-995e-000c295890ee', N'Argentyna', N'Argentina', N'AR', N'ARG', 32, N'ISO 3166-2:AR', 1, CAST(N'2020-10-25T18:48:45.113' AS DateTime))
INSERT tbl_nation (id_nation, polish_name, english_name, alpha2_code, alpha3_code, numeric_code, iso_code, is_active, creation_time) VALUES (N'0ef817b5-f216-eb11-995e-000c295890ee', N'Armenia', N'Armenia', N'AM', N'ARM', 51, N'ISO 3166-2:AM', 1, CAST(N'2020-10-25T18:48:45.113' AS DateTime))
INSERT tbl_nation (id_nation, polish_name, english_name, alpha2_code, alpha3_code, numeric_code, iso_code, is_active, creation_time) VALUES (N'0ff817b5-f216-eb11-995e-000c295890ee', N'Aruba', N'Aruba', N'AW', N'ABW', 533, N'ISO 3166-2:AW', 1, CAST(N'2020-10-25T18:48:45.113' AS DateTime))
INSERT tbl_nation (id_nation, polish_name, english_name, alpha2_code, alpha3_code, numeric_code, iso_code, is_active, creation_time) VALUES (N'10f817b5-f216-eb11-995e-000c295890ee', N'Australia', N'Australia', N'AU', N'AUS', 36, N'ISO 3166-2:AU', 1, CAST(N'2020-10-25T18:48:45.113' AS DateTime))
INSERT tbl_nation (id_nation, polish_name, english_name, alpha2_code, alpha3_code, numeric_code, iso_code, is_active, creation_time) VALUES (N'11f817b5-f216-eb11-995e-000c295890ee', N'Austria', N'Austria', N'AT', N'AUT', 40, N'ISO 3166-2:AT', 1, CAST(N'2020-10-25T18:48:45.113' AS DateTime))
INSERT tbl_nation (id_nation, polish_name, english_name, alpha2_code, alpha3_code, numeric_code, iso_code, is_active, creation_time) VALUES (N'12f817b5-f216-eb11-995e-000c295890ee', N'Azerbejdżan', N'Azerbaijan', N'AZ', N'AZE', 31, N'ISO 3166-2:AZ', 1, CAST(N'2020-10-25T18:48:45.113' AS DateTime))
INSERT tbl_nation (id_nation, polish_name, english_name, alpha2_code, alpha3_code, numeric_code, iso_code, is_active, creation_time) VALUES (N'13f817b5-f216-eb11-995e-000c295890ee', N'Bahamy', N'Bahamas', N'BS', N'BHS', 44, N'ISO 3166-2:BS', 1, CAST(N'2020-10-25T18:48:45.113' AS DateTime))
INSERT tbl_nation (id_nation, polish_name, english_name, alpha2_code, alpha3_code, numeric_code, iso_code, is_active, creation_time) VALUES (N'14f817b5-f216-eb11-995e-000c295890ee', N'Bahrajn', N'Bahrain', N'BH', N'BHR', 48, N'ISO 3166-2:BH', 1, CAST(N'2020-10-25T18:48:45.113' AS DateTime))
INSERT tbl_nation (id_nation, polish_name, english_name, alpha2_code, alpha3_code, numeric_code, iso_code, is_active, creation_time) VALUES (N'15f817b5-f216-eb11-995e-000c295890ee', N'Bangladesz', N'Bangladesh', N'BD', N'BGD', 50, N'ISO 3166-2:BD', 1, CAST(N'2020-10-25T18:48:45.113' AS DateTime))
INSERT tbl_nation (id_nation, polish_name, english_name, alpha2_code, alpha3_code, numeric_code, iso_code, is_active, creation_time) VALUES (N'16f817b5-f216-eb11-995e-000c295890ee', N'Barbados', N'Barbados', N'BB', N'BRB', 52, N'ISO 3166-2:BB', 1, CAST(N'2020-10-25T18:48:45.113' AS DateTime))
INSERT tbl_nation (id_nation, polish_name, english_name, alpha2_code, alpha3_code, numeric_code, iso_code, is_active, creation_time) VALUES (N'17f817b5-f216-eb11-995e-000c295890ee', N'Belgia', N'Belgium', N'BE', N'BEL', 56, N'ISO 3166-2:BE', 1, CAST(N'2020-10-25T18:48:45.113' AS DateTime))
INSERT tbl_nation (id_nation, polish_name, english_name, alpha2_code, alpha3_code, numeric_code, iso_code, is_active, creation_time) VALUES (N'18f817b5-f216-eb11-995e-000c295890ee', N'Belize', N'Belize', N'BZ', N'BLZ', 84, N'ISO 3166-2:BZ', 1, CAST(N'2020-10-25T18:48:45.113' AS DateTime))
INSERT tbl_nation (id_nation, polish_name, english_name, alpha2_code, alpha3_code, numeric_code, iso_code, is_active, creation_time) VALUES (N'19f817b5-f216-eb11-995e-000c295890ee', N'Benin', N'Benin', N'BJ', N'BEN', 204, N'ISO 3166-2:BJ', 1, CAST(N'2020-10-25T18:48:45.113' AS DateTime))
INSERT tbl_nation (id_nation, polish_name, english_name, alpha2_code, alpha3_code, numeric_code, iso_code, is_active, creation_time) VALUES (N'1af817b5-f216-eb11-995e-000c295890ee', N'Bermudy', N'Bermuda', N'BM', N'BMU', 60, N'ISO 3166-2:BM', 1, CAST(N'2020-10-25T18:48:45.113' AS DateTime))
INSERT tbl_nation (id_nation, polish_name, english_name, alpha2_code, alpha3_code, numeric_code, iso_code, is_active, creation_time) VALUES (N'1bf817b5-f216-eb11-995e-000c295890ee', N'Bhutan', N'Bhutan', N'BT', N'BTN', 64, N'ISO 3166-2:BT', 1, CAST(N'2020-10-25T18:48:45.113' AS DateTime))
INSERT tbl_nation (id_nation, polish_name, english_name, alpha2_code, alpha3_code, numeric_code, iso_code, is_active, creation_time) VALUES (N'1cf817b5-f216-eb11-995e-000c295890ee', N'Białoruś', N'Belarus', N'BY', N'BLR', 112, N'ISO 3166-2:BY', 1, CAST(N'2020-10-25T18:48:45.113' AS DateTime))
INSERT tbl_nation (id_nation, polish_name, english_name, alpha2_code, alpha3_code, numeric_code, iso_code, is_active, creation_time) VALUES (N'1df817b5-f216-eb11-995e-000c295890ee', N'Birma', N'Myanmar', N'MM', N'MMR', 104, N'ISO 3166-2:MM', 1, CAST(N'2020-10-25T18:48:45.113' AS DateTime))
INSERT tbl_nation (id_nation, polish_name, english_name, alpha2_code, alpha3_code, numeric_code, iso_code, is_active, creation_time) VALUES (N'1ef817b5-f216-eb11-995e-000c295890ee', N'Boliwia', N'Bolivia, Plurinational State of', N'BO', N'BOL', 68, N'ISO 3166-2:BO', 1, CAST(N'2020-10-25T18:48:45.113' AS DateTime))
INSERT tbl_nation (id_nation, polish_name, english_name, alpha2_code, alpha3_code, numeric_code, iso_code, is_active, creation_time) VALUES (N'1ff817b5-f216-eb11-995e-000c295890ee', N'Bonaire, Sint Eustatius i Saba', N'Bonaire, Saint Eustatius and Saba', N'BQ', N'BES', 535, N'ISO 3166-2:BQ', 1, CAST(N'2020-10-25T18:48:45.113' AS DateTime))
INSERT tbl_nation (id_nation, polish_name, english_name, alpha2_code, alpha3_code, numeric_code, iso_code, is_active, creation_time) VALUES (N'20f817b5-f216-eb11-995e-000c295890ee', N'Bośnia i Hercewina', N'Bosnia and Herzevina', N'BA', N'BIH', 70, N'ISO 3166-2:BA', 1, CAST(N'2020-10-25T18:48:45.113' AS DateTime))
INSERT tbl_nation (id_nation, polish_name, english_name, alpha2_code, alpha3_code, numeric_code, iso_code, is_active, creation_time) VALUES (N'21f817b5-f216-eb11-995e-000c295890ee', N'Botswana', N'Botswana', N'BW', N'BWA', 72, N'ISO 3166-2:BW', 1, CAST(N'2020-10-25T18:48:45.113' AS DateTime))
INSERT tbl_nation (id_nation, polish_name, english_name, alpha2_code, alpha3_code, numeric_code, iso_code, is_active, creation_time) VALUES (N'22f817b5-f216-eb11-995e-000c295890ee', N'Brazylia', N'Brazil', N'BR', N'BRA', 76, N'ISO 3166-2:BR', 1, CAST(N'2020-10-25T18:48:45.113' AS DateTime))
INSERT tbl_nation (id_nation, polish_name, english_name, alpha2_code, alpha3_code, numeric_code, iso_code, is_active, creation_time) VALUES (N'23f817b5-f216-eb11-995e-000c295890ee', N'Brunei', N'Brunei Darussalam', N'BN', N'BRN', 96, N'ISO 3166-2:BN', 1, CAST(N'2020-10-25T18:48:45.113' AS DateTime))
INSERT tbl_nation (id_nation, polish_name, english_name, alpha2_code, alpha3_code, numeric_code, iso_code, is_active, creation_time) VALUES (N'24f817b5-f216-eb11-995e-000c295890ee', N'Brytyjskie Terytorium Oceanu Indyjskie', N'British Indian Ocean Territory', N'IO', N'IOT', 86, N'ISO 3166-2:IO', 1, CAST(N'2020-10-25T18:48:45.113' AS DateTime))
INSERT tbl_nation (id_nation, polish_name, english_name, alpha2_code, alpha3_code, numeric_code, iso_code, is_active, creation_time) VALUES (N'25f817b5-f216-eb11-995e-000c295890ee', N'Brytyjskie Wyspy Dziewicze', N'Virgin Islands, British', N'VG', N'VGB', 92, N'ISO 3166-2:VG', 1, CAST(N'2020-10-25T18:48:45.113' AS DateTime))
INSERT tbl_nation (id_nation, polish_name, english_name, alpha2_code, alpha3_code, numeric_code, iso_code, is_active, creation_time) VALUES (N'26f817b5-f216-eb11-995e-000c295890ee', N'Bułgaria', N'Bulgaria', N'BG', N'BGR', 100, N'ISO 3166-2:BG', 1, CAST(N'2020-10-25T18:48:45.113' AS DateTime))
INSERT tbl_nation (id_nation, polish_name, english_name, alpha2_code, alpha3_code, numeric_code, iso_code, is_active, creation_time) VALUES (N'27f817b5-f216-eb11-995e-000c295890ee', N'Burkina Faso', N'Burkina Faso', N'BF', N'BFA', 854, N'ISO 3166-2:BF', 1, CAST(N'2020-10-25T18:48:45.113' AS DateTime))
INSERT tbl_nation (id_nation, polish_name, english_name, alpha2_code, alpha3_code, numeric_code, iso_code, is_active, creation_time) VALUES (N'28f817b5-f216-eb11-995e-000c295890ee', N'Burundi', N'Burundi', N'BI', N'BDI', 108, N'ISO 3166-2:BI', 1, CAST(N'2020-10-25T18:48:45.113' AS DateTime))
INSERT tbl_nation (id_nation, polish_name, english_name, alpha2_code, alpha3_code, numeric_code, iso_code, is_active, creation_time) VALUES (N'29f817b5-f216-eb11-995e-000c295890ee', N'Chile', N'Chile', N'CL', N'CHL', 152, N'ISO 3166-2:CL', 1, CAST(N'2020-10-25T18:48:45.113' AS DateTime))
INSERT tbl_nation (id_nation, polish_name, english_name, alpha2_code, alpha3_code, numeric_code, iso_code, is_active, creation_time) VALUES (N'2af817b5-f216-eb11-995e-000c295890ee', N'Chiny', N'China', N'CN', N'CHN', 156, N'ISO 3166-2:CN', 1, CAST(N'2020-10-25T18:48:45.113' AS DateTime))
INSERT tbl_nation (id_nation, polish_name, english_name, alpha2_code, alpha3_code, numeric_code, iso_code, is_active, creation_time) VALUES (N'2bf817b5-f216-eb11-995e-000c295890ee', N'Chorwacja', N'Croatia', N'HR', N'HRV', 191, N'ISO 3166-2:HR', 1, CAST(N'2020-10-25T18:48:45.113' AS DateTime))
INSERT tbl_nation (id_nation, polish_name, english_name, alpha2_code, alpha3_code, numeric_code, iso_code, is_active, creation_time) VALUES (N'2cf817b5-f216-eb11-995e-000c295890ee', N'Curaçao', N'Curaçao', N'CW', N'CUW', 531, N'ISO 3166-2:CW', 1, CAST(N'2020-10-25T18:48:45.113' AS DateTime))
INSERT tbl_nation (id_nation, polish_name, english_name, alpha2_code, alpha3_code, numeric_code, iso_code, is_active, creation_time) VALUES (N'2df817b5-f216-eb11-995e-000c295890ee', N'Cypr', N'Cyprus', N'CY', N'CYP', 196, N'ISO 3166-2:CY', 1, CAST(N'2020-10-25T18:48:45.113' AS DateTime))
INSERT tbl_nation (id_nation, polish_name, english_name, alpha2_code, alpha3_code, numeric_code, iso_code, is_active, creation_time) VALUES (N'2ef817b5-f216-eb11-995e-000c295890ee', N'Czad', N'Chad', N'TD', N'TCD', 148, N'ISO 3166-2:TD', 1, CAST(N'2020-10-25T18:48:45.113' AS DateTime))
INSERT tbl_nation (id_nation, polish_name, english_name, alpha2_code, alpha3_code, numeric_code, iso_code, is_active, creation_time) VALUES (N'2ff817b5-f216-eb11-995e-000c295890ee', N'Czarnogóra', N'Montenegro', N'ME', N'MNE', 499, N'ISO 3166-2:ME', 1, CAST(N'2020-10-25T18:48:45.113' AS DateTime))
INSERT tbl_nation (id_nation, polish_name, english_name, alpha2_code, alpha3_code, numeric_code, iso_code, is_active, creation_time) VALUES (N'30f817b5-f216-eb11-995e-000c295890ee', N'Czechy', N'Czech Republic', N'CZ', N'CZE', 203, N'ISO 3166-2:CZ', 1, CAST(N'2020-10-25T18:48:45.113' AS DateTime))
INSERT tbl_nation (id_nation, polish_name, english_name, alpha2_code, alpha3_code, numeric_code, iso_code, is_active, creation_time) VALUES (N'31f817b5-f216-eb11-995e-000c295890ee', N'Dalekie Wyspy Mniejsze Stanów Zjednoczonych', N'United States Minor Outlying Islands', N'UM', N'UMI', 581, N'ISO 3166-2:UM', 1, CAST(N'2020-10-25T18:48:45.113' AS DateTime))
INSERT tbl_nation (id_nation, polish_name, english_name, alpha2_code, alpha3_code, numeric_code, iso_code, is_active, creation_time) VALUES (N'32f817b5-f216-eb11-995e-000c295890ee', N'Dania', N'Denmark', N'DK', N'DNK', 208, N'ISO 3166-2:DK', 1, CAST(N'2020-10-25T18:48:45.113' AS DateTime))
INSERT tbl_nation (id_nation, polish_name, english_name, alpha2_code, alpha3_code, numeric_code, iso_code, is_active, creation_time) VALUES (N'33f817b5-f216-eb11-995e-000c295890ee', N'Demokratyczna Republika Konga', N'Con, the Democratic Republic of the', N'CD', N'COD', 180, N'ISO 3166-2:CD', 1, CAST(N'2020-10-25T18:48:45.113' AS DateTime))
INSERT tbl_nation (id_nation, polish_name, english_name, alpha2_code, alpha3_code, numeric_code, iso_code, is_active, creation_time) VALUES (N'34f817b5-f216-eb11-995e-000c295890ee', N'Dominika', N'Dominica', N'DM', N'DMA', 212, N'ISO 3166-2:DM', 1, CAST(N'2020-10-25T18:48:45.113' AS DateTime))
INSERT tbl_nation (id_nation, polish_name, english_name, alpha2_code, alpha3_code, numeric_code, iso_code, is_active, creation_time) VALUES (N'35f817b5-f216-eb11-995e-000c295890ee', N'Dominikana', N'Dominican Republic', N'DO', N'DOM', 214, N'ISO 3166-2:DO', 1, CAST(N'2020-10-25T18:48:45.113' AS DateTime))
INSERT tbl_nation (id_nation, polish_name, english_name, alpha2_code, alpha3_code, numeric_code, iso_code, is_active, creation_time) VALUES (N'36f817b5-f216-eb11-995e-000c295890ee', N'Dżibuti', N'Djibouti', N'DJ', N'DJI', 262, N'ISO 3166-2:DJ', 1, CAST(N'2020-10-25T18:48:45.113' AS DateTime))
INSERT tbl_nation (id_nation, polish_name, english_name, alpha2_code, alpha3_code, numeric_code, iso_code, is_active, creation_time) VALUES (N'37f817b5-f216-eb11-995e-000c295890ee', N'Egipt', N'Egypt', N'EG', N'EGY', 818, N'ISO 3166-2:EG', 1, CAST(N'2020-10-25T18:48:45.113' AS DateTime))
INSERT tbl_nation (id_nation, polish_name, english_name, alpha2_code, alpha3_code, numeric_code, iso_code, is_active, creation_time) VALUES (N'38f817b5-f216-eb11-995e-000c295890ee', N'Ekwador', N'Ecuador', N'EC', N'ECU', 218, N'ISO 3166-2:EC', 1, CAST(N'2020-10-25T18:48:45.113' AS DateTime))
INSERT tbl_nation (id_nation, polish_name, english_name, alpha2_code, alpha3_code, numeric_code, iso_code, is_active, creation_time) VALUES (N'39f817b5-f216-eb11-995e-000c295890ee', N'Erytrea', N'Eritrea', N'ER', N'ERI', 232, N'ISO 3166-2:ER', 1, CAST(N'2020-10-25T18:48:45.113' AS DateTime))
INSERT tbl_nation (id_nation, polish_name, english_name, alpha2_code, alpha3_code, numeric_code, iso_code, is_active, creation_time) VALUES (N'3af817b5-f216-eb11-995e-000c295890ee', N'Estonia', N'Estonia', N'EE', N'EST', 233, N'ISO 3166-2:EE', 1, CAST(N'2020-10-25T18:48:45.113' AS DateTime))
INSERT tbl_nation (id_nation, polish_name, english_name, alpha2_code, alpha3_code, numeric_code, iso_code, is_active, creation_time) VALUES (N'3bf817b5-f216-eb11-995e-000c295890ee', N'Etiopia', N'Ethiopia', N'ET', N'ETH', 231, N'ISO 3166-2:ET', 1, CAST(N'2020-10-25T18:48:45.113' AS DateTime))
INSERT tbl_nation (id_nation, polish_name, english_name, alpha2_code, alpha3_code, numeric_code, iso_code, is_active, creation_time) VALUES (N'3cf817b5-f216-eb11-995e-000c295890ee', N'Falklandy', N'Falkland Islands (Malvinas)', N'FK', N'FLK', 238, N'ISO 3166-2:FK', 1, CAST(N'2020-10-25T18:48:45.113' AS DateTime))
INSERT tbl_nation (id_nation, polish_name, english_name, alpha2_code, alpha3_code, numeric_code, iso_code, is_active, creation_time) VALUES (N'3df817b5-f216-eb11-995e-000c295890ee', N'Fidżi', N'Fiji', N'FJ', N'FJI', 242, N'ISO 3166-2:FJ', 1, CAST(N'2020-10-25T18:48:45.113' AS DateTime))
INSERT tbl_nation (id_nation, polish_name, english_name, alpha2_code, alpha3_code, numeric_code, iso_code, is_active, creation_time) VALUES (N'3ef817b5-f216-eb11-995e-000c295890ee', N'Filipiny', N'Philippines', N'PH', N'PHL', 608, N'ISO 3166-2:PH', 1, CAST(N'2020-10-25T18:48:45.113' AS DateTime))
INSERT tbl_nation (id_nation, polish_name, english_name, alpha2_code, alpha3_code, numeric_code, iso_code, is_active, creation_time) VALUES (N'3ff817b5-f216-eb11-995e-000c295890ee', N'Finlandia', N'Finland', N'FI', N'FIN', 246, N'ISO 3166-2:FI', 1, CAST(N'2020-10-25T18:48:45.113' AS DateTime))
INSERT tbl_nation (id_nation, polish_name, english_name, alpha2_code, alpha3_code, numeric_code, iso_code, is_active, creation_time) VALUES (N'40f817b5-f216-eb11-995e-000c295890ee', N'Francja', N'France', N'FR', N'FRA', 250, N'ISO 3166-2:FR', 1, CAST(N'2020-10-25T18:48:45.113' AS DateTime))
INSERT tbl_nation (id_nation, polish_name, english_name, alpha2_code, alpha3_code, numeric_code, iso_code, is_active, creation_time) VALUES (N'41f817b5-f216-eb11-995e-000c295890ee', N'Francuskie Terytoria Południowe i Antarktyczne', N'French Southern Territories', N'TF', N'ATF', 260, N'ISO 3166-2:TF', 1, CAST(N'2020-10-25T18:48:45.113' AS DateTime))
INSERT tbl_nation (id_nation, polish_name, english_name, alpha2_code, alpha3_code, numeric_code, iso_code, is_active, creation_time) VALUES (N'42f817b5-f216-eb11-995e-000c295890ee', N'Gabon', N'Gabon', N'GA', N'GAB', 266, N'ISO 3166-2:GA', 1, CAST(N'2020-10-25T18:48:45.113' AS DateTime))
INSERT tbl_nation (id_nation, polish_name, english_name, alpha2_code, alpha3_code, numeric_code, iso_code, is_active, creation_time) VALUES (N'43f817b5-f216-eb11-995e-000c295890ee', N'Gambia', N'Gambia', N'GM', N'GMB', 270, N'ISO 3166-2:GM', 1, CAST(N'2020-10-25T18:48:45.113' AS DateTime))
INSERT tbl_nation (id_nation, polish_name, english_name, alpha2_code, alpha3_code, numeric_code, iso_code, is_active, creation_time) VALUES (N'44f817b5-f216-eb11-995e-000c295890ee', N'Georgia Południowa i Sandwich Południowy', N'South Georgia and the South Sandwich Islands', N'GS', N'SGS', 239, N'ISO 3166-2:GS', 1, CAST(N'2020-10-25T18:48:45.113' AS DateTime))
INSERT tbl_nation (id_nation, polish_name, english_name, alpha2_code, alpha3_code, numeric_code, iso_code, is_active, creation_time) VALUES (N'45f817b5-f216-eb11-995e-000c295890ee', N'Ghana', N'Ghana', N'GH', N'GHA', 288, N'ISO 3166-2:GH', 1, CAST(N'2020-10-25T18:48:45.113' AS DateTime))
INSERT tbl_nation (id_nation, polish_name, english_name, alpha2_code, alpha3_code, numeric_code, iso_code, is_active, creation_time) VALUES (N'46f817b5-f216-eb11-995e-000c295890ee', N'Gibraltar', N'Gibraltar', N'GI', N'GIB', 292, N'ISO 3166-2:GI', 1, CAST(N'2020-10-25T18:48:45.113' AS DateTime))
INSERT tbl_nation (id_nation, polish_name, english_name, alpha2_code, alpha3_code, numeric_code, iso_code, is_active, creation_time) VALUES (N'47f817b5-f216-eb11-995e-000c295890ee', N'Grecja', N'Greece', N'GR', N'GRC', 300, N'ISO 3166-2:GR', 1, CAST(N'2020-10-25T18:48:45.113' AS DateTime))
INSERT tbl_nation (id_nation, polish_name, english_name, alpha2_code, alpha3_code, numeric_code, iso_code, is_active, creation_time) VALUES (N'48f817b5-f216-eb11-995e-000c295890ee', N'Grenada', N'Grenada', N'GD', N'GRD', 308, N'ISO 3166-2:GD', 1, CAST(N'2020-10-25T18:48:45.113' AS DateTime))
INSERT tbl_nation (id_nation, polish_name, english_name, alpha2_code, alpha3_code, numeric_code, iso_code, is_active, creation_time) VALUES (N'49f817b5-f216-eb11-995e-000c295890ee', N'Grenlandia', N'Greenland', N'GL', N'GRL', 304, N'ISO 3166-2:GL', 1, CAST(N'2020-10-25T18:48:45.113' AS DateTime))
INSERT tbl_nation (id_nation, polish_name, english_name, alpha2_code, alpha3_code, numeric_code, iso_code, is_active, creation_time) VALUES (N'4af817b5-f216-eb11-995e-000c295890ee', N'Gruzja', N'Georgia', N'GE', N'GEO', 268, N'ISO 3166-2:GE', 1, CAST(N'2020-10-25T18:48:45.113' AS DateTime))
INSERT tbl_nation (id_nation, polish_name, english_name, alpha2_code, alpha3_code, numeric_code, iso_code, is_active, creation_time) VALUES (N'4bf817b5-f216-eb11-995e-000c295890ee', N'Guam', N'Guam', N'GU', N'GUM', 316, N'ISO 3166-2:GU', 1, CAST(N'2020-10-25T18:48:45.113' AS DateTime))
INSERT tbl_nation (id_nation, polish_name, english_name, alpha2_code, alpha3_code, numeric_code, iso_code, is_active, creation_time) VALUES (N'4cf817b5-f216-eb11-995e-000c295890ee', N'Guernsey', N'Guernsey', N'GG', N'GGY', 831, N'ISO 3166-2:GG', 1, CAST(N'2020-10-25T18:48:45.113' AS DateTime))
INSERT tbl_nation (id_nation, polish_name, english_name, alpha2_code, alpha3_code, numeric_code, iso_code, is_active, creation_time) VALUES (N'4df817b5-f216-eb11-995e-000c295890ee', N'Gujana Francuska', N'French Guiana', N'GF', N'GUF', 254, N'ISO 3166-2:GF', 1, CAST(N'2020-10-25T18:48:45.113' AS DateTime))
INSERT tbl_nation (id_nation, polish_name, english_name, alpha2_code, alpha3_code, numeric_code, iso_code, is_active, creation_time) VALUES (N'4ef817b5-f216-eb11-995e-000c295890ee', N'Gujana', N'Guyana', N'GY', N'GUY', 328, N'ISO 3166-2:GY', 1, CAST(N'2020-10-25T18:48:45.113' AS DateTime))
INSERT tbl_nation (id_nation, polish_name, english_name, alpha2_code, alpha3_code, numeric_code, iso_code, is_active, creation_time) VALUES (N'4ff817b5-f216-eb11-995e-000c295890ee', N'Gwadelupa', N'Guadeloupe', N'GP', N'GLP', 312, N'ISO 3166-2:GP', 1, CAST(N'2020-10-25T18:48:45.113' AS DateTime))
INSERT tbl_nation (id_nation, polish_name, english_name, alpha2_code, alpha3_code, numeric_code, iso_code, is_active, creation_time) VALUES (N'50f817b5-f216-eb11-995e-000c295890ee', N'Gwatemala', N'Guatemala', N'GT', N'GTM', 320, N'ISO 3166-2:GT', 1, CAST(N'2020-10-25T18:48:45.113' AS DateTime))
INSERT tbl_nation (id_nation, polish_name, english_name, alpha2_code, alpha3_code, numeric_code, iso_code, is_active, creation_time) VALUES (N'51f817b5-f216-eb11-995e-000c295890ee', N'Gwinea Bissau', N'Guinea-Bissau', N'GW', N'GNB', 624, N'ISO 3166-2:GW', 1, CAST(N'2020-10-25T18:48:45.113' AS DateTime))
INSERT tbl_nation (id_nation, polish_name, english_name, alpha2_code, alpha3_code, numeric_code, iso_code, is_active, creation_time) VALUES (N'52f817b5-f216-eb11-995e-000c295890ee', N'Gwinea Równikowa', N'Equatorial Guinea', N'GQ', N'GNQ', 226, N'ISO 3166-2:GQ', 1, CAST(N'2020-10-25T18:48:45.113' AS DateTime))
INSERT tbl_nation (id_nation, polish_name, english_name, alpha2_code, alpha3_code, numeric_code, iso_code, is_active, creation_time) VALUES (N'53f817b5-f216-eb11-995e-000c295890ee', N'Gwinea', N'Guinea', N'GN', N'GIN', 324, N'ISO 3166-2:GN', 1, CAST(N'2020-10-25T18:48:45.113' AS DateTime))
INSERT tbl_nation (id_nation, polish_name, english_name, alpha2_code, alpha3_code, numeric_code, iso_code, is_active, creation_time) VALUES (N'54f817b5-f216-eb11-995e-000c295890ee', N'Haiti', N'Haiti', N'HT', N'HTI', 332, N'ISO 3166-2:HT', 1, CAST(N'2020-10-25T18:48:45.113' AS DateTime))
INSERT tbl_nation (id_nation, polish_name, english_name, alpha2_code, alpha3_code, numeric_code, iso_code, is_active, creation_time) VALUES (N'55f817b5-f216-eb11-995e-000c295890ee', N'Hiszpania', N'Spain', N'ES', N'ESP', 724, N'ISO 3166-2:ES', 1, CAST(N'2020-10-25T18:48:45.113' AS DateTime))
INSERT tbl_nation (id_nation, polish_name, english_name, alpha2_code, alpha3_code, numeric_code, iso_code, is_active, creation_time) VALUES (N'56f817b5-f216-eb11-995e-000c295890ee', N'Holandia', N'Netherlands', N'NL', N'NLD', 528, N'ISO 3166-2:NL', 1, CAST(N'2020-10-25T18:48:45.113' AS DateTime))
INSERT tbl_nation (id_nation, polish_name, english_name, alpha2_code, alpha3_code, numeric_code, iso_code, is_active, creation_time) VALUES (N'57f817b5-f216-eb11-995e-000c295890ee', N'Honduras', N'Honduras', N'HN', N'HND', 340, N'ISO 3166-2:HN', 1, CAST(N'2020-10-25T18:48:45.113' AS DateTime))
INSERT tbl_nation (id_nation, polish_name, english_name, alpha2_code, alpha3_code, numeric_code, iso_code, is_active, creation_time) VALUES (N'58f817b5-f216-eb11-995e-000c295890ee', N'Hongkong', N'Hong Kong', N'HK', N'HKG', 344, N'ISO 3166-2:HK', 1, CAST(N'2020-10-25T18:48:45.113' AS DateTime))
INSERT tbl_nation (id_nation, polish_name, english_name, alpha2_code, alpha3_code, numeric_code, iso_code, is_active, creation_time) VALUES (N'59f817b5-f216-eb11-995e-000c295890ee', N'Indie', N'India', N'IN', N'IND', 356, N'ISO 3166-2:IN', 1, CAST(N'2020-10-25T18:48:45.113' AS DateTime))
INSERT tbl_nation (id_nation, polish_name, english_name, alpha2_code, alpha3_code, numeric_code, iso_code, is_active, creation_time) VALUES (N'5af817b5-f216-eb11-995e-000c295890ee', N'Indonezja', N'Indonesia', N'ID', N'IDN', 360, N'ISO 3166-2:ID', 1, CAST(N'2020-10-25T18:48:45.113' AS DateTime))
INSERT tbl_nation (id_nation, polish_name, english_name, alpha2_code, alpha3_code, numeric_code, iso_code, is_active, creation_time) VALUES (N'5bf817b5-f216-eb11-995e-000c295890ee', N'Irak', N'Iraq', N'IQ', N'IRQ', 368, N'ISO 3166-2:IQ', 1, CAST(N'2020-10-25T18:48:45.113' AS DateTime))
INSERT tbl_nation (id_nation, polish_name, english_name, alpha2_code, alpha3_code, numeric_code, iso_code, is_active, creation_time) VALUES (N'5cf817b5-f216-eb11-995e-000c295890ee', N'Iran', N'Iran, Islamic Republic of', N'IR', N'IRN', 364, N'ISO 3166-2:IR', 1, CAST(N'2020-10-25T18:48:45.113' AS DateTime))
INSERT tbl_nation (id_nation, polish_name, english_name, alpha2_code, alpha3_code, numeric_code, iso_code, is_active, creation_time) VALUES (N'5df817b5-f216-eb11-995e-000c295890ee', N'Irlandia', N'Ireland', N'IE', N'IRL', 372, N'ISO 3166-2:IE', 1, CAST(N'2020-10-25T18:48:45.113' AS DateTime))
INSERT tbl_nation (id_nation, polish_name, english_name, alpha2_code, alpha3_code, numeric_code, iso_code, is_active, creation_time) VALUES (N'5ef817b5-f216-eb11-995e-000c295890ee', N'Islandia', N'Iceland', N'IS', N'ISL', 352, N'ISO 3166-2:IS', 1, CAST(N'2020-10-25T18:48:45.113' AS DateTime))
INSERT tbl_nation (id_nation, polish_name, english_name, alpha2_code, alpha3_code, numeric_code, iso_code, is_active, creation_time) VALUES (N'5ff817b5-f216-eb11-995e-000c295890ee', N'Izrael', N'Israel', N'IL', N'ISR', 376, N'ISO 3166-2:IL', 1, CAST(N'2020-10-25T18:48:45.113' AS DateTime))
INSERT tbl_nation (id_nation, polish_name, english_name, alpha2_code, alpha3_code, numeric_code, iso_code, is_active, creation_time) VALUES (N'60f817b5-f216-eb11-995e-000c295890ee', N'Jamajka', N'Jamaica', N'JM', N'JAM', 388, N'ISO 3166-2:JM', 1, CAST(N'2020-10-25T18:48:45.113' AS DateTime))
INSERT tbl_nation (id_nation, polish_name, english_name, alpha2_code, alpha3_code, numeric_code, iso_code, is_active, creation_time) VALUES (N'61f817b5-f216-eb11-995e-000c295890ee', N'Japonia', N'Japan', N'JP', N'JPN', 392, N'ISO 3166-2:JP', 1, CAST(N'2020-10-25T18:48:45.113' AS DateTime))
INSERT tbl_nation (id_nation, polish_name, english_name, alpha2_code, alpha3_code, numeric_code, iso_code, is_active, creation_time) VALUES (N'62f817b5-f216-eb11-995e-000c295890ee', N'Jemen', N'Yemen', N'YE', N'YEM', 887, N'ISO 3166-2:YE', 1, CAST(N'2020-10-25T18:48:45.113' AS DateTime))
INSERT tbl_nation (id_nation, polish_name, english_name, alpha2_code, alpha3_code, numeric_code, iso_code, is_active, creation_time) VALUES (N'63f817b5-f216-eb11-995e-000c295890ee', N'Jersey', N'Jersey', N'JE', N'JEY', 832, N'ISO 3166-2:JE', 1, CAST(N'2020-10-25T18:48:45.113' AS DateTime))
INSERT tbl_nation (id_nation, polish_name, english_name, alpha2_code, alpha3_code, numeric_code, iso_code, is_active, creation_time) VALUES (N'64f817b5-f216-eb11-995e-000c295890ee', N'Jordania', N'Jordan', N'JO', N'JOR', 400, N'ISO 3166-2:JO', 1, CAST(N'2020-10-25T18:48:45.113' AS DateTime))
INSERT tbl_nation (id_nation, polish_name, english_name, alpha2_code, alpha3_code, numeric_code, iso_code, is_active, creation_time) VALUES (N'65f817b5-f216-eb11-995e-000c295890ee', N'Kajmany', N'Cayman Islands', N'KY', N'CYM', 136, N'ISO 3166-2:KY', 1, CAST(N'2020-10-25T18:48:45.113' AS DateTime))
INSERT tbl_nation (id_nation, polish_name, english_name, alpha2_code, alpha3_code, numeric_code, iso_code, is_active, creation_time) VALUES (N'66f817b5-f216-eb11-995e-000c295890ee', N'Kambodża', N'Cambodia', N'KH', N'KHM', 116, N'ISO 3166-2:KH', 1, CAST(N'2020-10-25T18:48:45.113' AS DateTime))
INSERT tbl_nation (id_nation, polish_name, english_name, alpha2_code, alpha3_code, numeric_code, iso_code, is_active, creation_time) VALUES (N'67f817b5-f216-eb11-995e-000c295890ee', N'Kamerun', N'Cameroon', N'CM', N'CMR', 120, N'ISO 3166-2:CM', 1, CAST(N'2020-10-25T18:48:45.113' AS DateTime))
INSERT tbl_nation (id_nation, polish_name, english_name, alpha2_code, alpha3_code, numeric_code, iso_code, is_active, creation_time) VALUES (N'68f817b5-f216-eb11-995e-000c295890ee', N'Kanada', N'Canada', N'CA', N'CAN', 124, N'ISO 3166-2:CA', 1, CAST(N'2020-10-25T18:48:45.113' AS DateTime))
INSERT tbl_nation (id_nation, polish_name, english_name, alpha2_code, alpha3_code, numeric_code, iso_code, is_active, creation_time) VALUES (N'69f817b5-f216-eb11-995e-000c295890ee', N'Katar', N'Qatar', N'QA', N'QAT', 634, N'ISO 3166-2:QA', 1, CAST(N'2020-10-25T18:48:45.113' AS DateTime))
INSERT tbl_nation (id_nation, polish_name, english_name, alpha2_code, alpha3_code, numeric_code, iso_code, is_active, creation_time) VALUES (N'6af817b5-f216-eb11-995e-000c295890ee', N'Kazachstan', N'Kazakhstan', N'KZ', N'KAZ', 398, N'ISO 3166-2:KZ', 1, CAST(N'2020-10-25T18:48:45.113' AS DateTime))
INSERT tbl_nation (id_nation, polish_name, english_name, alpha2_code, alpha3_code, numeric_code, iso_code, is_active, creation_time) VALUES (N'6bf817b5-f216-eb11-995e-000c295890ee', N'Kenia', N'Kenya', N'KE', N'KEN', 404, N'ISO 3166-2:KE', 1, CAST(N'2020-10-25T18:48:45.113' AS DateTime))
INSERT tbl_nation (id_nation, polish_name, english_name, alpha2_code, alpha3_code, numeric_code, iso_code, is_active, creation_time) VALUES (N'6cf817b5-f216-eb11-995e-000c295890ee', N'Kirgistan', N'Kyrgyzstan', N'KG', N'KGZ', 417, N'ISO 3166-2:KG', 1, CAST(N'2020-10-25T18:48:45.113' AS DateTime))
INSERT tbl_nation (id_nation, polish_name, english_name, alpha2_code, alpha3_code, numeric_code, iso_code, is_active, creation_time) VALUES (N'6df817b5-f216-eb11-995e-000c295890ee', N'Kiribati', N'Kiribati', N'KI', N'KIR', 296, N'ISO 3166-2:KI', 1, CAST(N'2020-10-25T18:48:45.113' AS DateTime))
INSERT tbl_nation (id_nation, polish_name, english_name, alpha2_code, alpha3_code, numeric_code, iso_code, is_active, creation_time) VALUES (N'6ef817b5-f216-eb11-995e-000c295890ee', N'Kolumbia', N'Colombia', N'CO', N'COL', 170, N'ISO 3166-2:CO', 1, CAST(N'2020-10-25T18:48:45.113' AS DateTime))
INSERT tbl_nation (id_nation, polish_name, english_name, alpha2_code, alpha3_code, numeric_code, iso_code, is_active, creation_time) VALUES (N'6ff817b5-f216-eb11-995e-000c295890ee', N'Komory', N'Comoros', N'KM', N'COM', 174, N'ISO 3166-2:KM', 1, CAST(N'2020-10-25T18:48:45.113' AS DateTime))
INSERT tbl_nation (id_nation, polish_name, english_name, alpha2_code, alpha3_code, numeric_code, iso_code, is_active, creation_time) VALUES (N'70f817b5-f216-eb11-995e-000c295890ee', N'Kon', N'Con', N'CG', N'COG', 178, N'ISO 3166-2:CG', 1, CAST(N'2020-10-25T18:48:45.113' AS DateTime))
INSERT tbl_nation (id_nation, polish_name, english_name, alpha2_code, alpha3_code, numeric_code, iso_code, is_active, creation_time) VALUES (N'71f817b5-f216-eb11-995e-000c295890ee', N'Korea Południowa', N'Korea, Republic of', N'KR', N'KOR', 410, N'ISO 3166-2:KR', 1, CAST(N'2020-10-25T18:48:45.113' AS DateTime))
INSERT tbl_nation (id_nation, polish_name, english_name, alpha2_code, alpha3_code, numeric_code, iso_code, is_active, creation_time) VALUES (N'72f817b5-f216-eb11-995e-000c295890ee', N'Korea Północna', N'Korea, Democratic People’s Republic of', N'KP', N'PRK', 408, N'ISO 3166-2:KP', 1, CAST(N'2020-10-25T18:48:45.113' AS DateTime))
INSERT tbl_nation (id_nation, polish_name, english_name, alpha2_code, alpha3_code, numeric_code, iso_code, is_active, creation_time) VALUES (N'73f817b5-f216-eb11-995e-000c295890ee', N'Kostaryka', N'Costa Rica', N'CR', N'CRI', 188, N'ISO 3166-2:CR', 1, CAST(N'2020-10-25T18:48:45.113' AS DateTime))
INSERT tbl_nation (id_nation, polish_name, english_name, alpha2_code, alpha3_code, numeric_code, iso_code, is_active, creation_time) VALUES (N'74f817b5-f216-eb11-995e-000c295890ee', N'Kuba', N'Cuba', N'CU', N'CUB', 192, N'ISO 3166-2:CU', 1, CAST(N'2020-10-25T18:48:45.113' AS DateTime))
INSERT tbl_nation (id_nation, polish_name, english_name, alpha2_code, alpha3_code, numeric_code, iso_code, is_active, creation_time) VALUES (N'75f817b5-f216-eb11-995e-000c295890ee', N'Kuwejt', N'Kuwait', N'KW', N'KWT', 414, N'ISO 3166-2:KW', 1, CAST(N'2020-10-25T18:48:45.113' AS DateTime))
INSERT tbl_nation (id_nation, polish_name, english_name, alpha2_code, alpha3_code, numeric_code, iso_code, is_active, creation_time) VALUES (N'76f817b5-f216-eb11-995e-000c295890ee', N'Laos', N'Lao People’s Democratic Republic', N'LA', N'LAO', 418, N'ISO 3166-2:LA', 1, CAST(N'2020-10-25T18:48:45.113' AS DateTime))
INSERT tbl_nation (id_nation, polish_name, english_name, alpha2_code, alpha3_code, numeric_code, iso_code, is_active, creation_time) VALUES (N'77f817b5-f216-eb11-995e-000c295890ee', N'Lesotho', N'Lesotho', N'LS', N'LSO', 426, N'ISO 3166-2:LS', 1, CAST(N'2020-10-25T18:48:45.113' AS DateTime))
INSERT tbl_nation (id_nation, polish_name, english_name, alpha2_code, alpha3_code, numeric_code, iso_code, is_active, creation_time) VALUES (N'78f817b5-f216-eb11-995e-000c295890ee', N'Liban', N'Lebanon', N'LB', N'LBN', 422, N'ISO 3166-2:LB', 1, CAST(N'2020-10-25T18:48:45.113' AS DateTime))
INSERT tbl_nation (id_nation, polish_name, english_name, alpha2_code, alpha3_code, numeric_code, iso_code, is_active, creation_time) VALUES (N'79f817b5-f216-eb11-995e-000c295890ee', N'Liberia', N'Liberia', N'LR', N'LBR', 430, N'ISO 3166-2:LR', 1, CAST(N'2020-10-25T18:48:45.113' AS DateTime))
INSERT tbl_nation (id_nation, polish_name, english_name, alpha2_code, alpha3_code, numeric_code, iso_code, is_active, creation_time) VALUES (N'7af817b5-f216-eb11-995e-000c295890ee', N'Libia', N'Libyan Arab Jamahiriya', N'LY', N'LBY', 434, N'ISO 3166-2:LY', 1, CAST(N'2020-10-25T18:48:45.113' AS DateTime))
INSERT tbl_nation (id_nation, polish_name, english_name, alpha2_code, alpha3_code, numeric_code, iso_code, is_active, creation_time) VALUES (N'7bf817b5-f216-eb11-995e-000c295890ee', N'Liechtenstein', N'Liechtenstein', N'LI', N'LIE', 438, N'ISO 3166-2:LI', 1, CAST(N'2020-10-25T18:48:45.113' AS DateTime))
INSERT tbl_nation (id_nation, polish_name, english_name, alpha2_code, alpha3_code, numeric_code, iso_code, is_active, creation_time) VALUES (N'7cf817b5-f216-eb11-995e-000c295890ee', N'Litwa', N'Lithuania', N'LT', N'LTU', 440, N'ISO 3166-2:LT', 1, CAST(N'2020-10-25T18:48:45.113' AS DateTime))
INSERT tbl_nation (id_nation, polish_name, english_name, alpha2_code, alpha3_code, numeric_code, iso_code, is_active, creation_time) VALUES (N'7df817b5-f216-eb11-995e-000c295890ee', N'Luksemburg', N'Luxembourg', N'LU', N'LUX', 442, N'ISO 3166-2:LU', 1, CAST(N'2020-10-25T18:48:45.113' AS DateTime))
INSERT tbl_nation (id_nation, polish_name, english_name, alpha2_code, alpha3_code, numeric_code, iso_code, is_active, creation_time) VALUES (N'7ef817b5-f216-eb11-995e-000c295890ee', N'Łotwa', N'Latvia', N'LV', N'LVA', 428, N'ISO 3166-2:LV', 1, CAST(N'2020-10-25T18:48:45.113' AS DateTime))
INSERT tbl_nation (id_nation, polish_name, english_name, alpha2_code, alpha3_code, numeric_code, iso_code, is_active, creation_time) VALUES (N'7ff817b5-f216-eb11-995e-000c295890ee', N'Macedonia', N'Macedonia, the former Yuslav Republic of', N'MK', N'MKD', 807, N'ISO 3166-2:MK', 1, CAST(N'2020-10-25T18:48:45.113' AS DateTime))
INSERT tbl_nation (id_nation, polish_name, english_name, alpha2_code, alpha3_code, numeric_code, iso_code, is_active, creation_time) VALUES (N'80f817b5-f216-eb11-995e-000c295890ee', N'Madagaskar', N'Madagascar', N'MG', N'MDG', 450, N'ISO 3166-2:MG', 1, CAST(N'2020-10-25T18:48:45.113' AS DateTime))
INSERT tbl_nation (id_nation, polish_name, english_name, alpha2_code, alpha3_code, numeric_code, iso_code, is_active, creation_time) VALUES (N'81f817b5-f216-eb11-995e-000c295890ee', N'Majotta', N'Mayotte', N'YT', N'MYT', 175, N'ISO 3166-2:YT', 1, CAST(N'2020-10-25T18:48:45.113' AS DateTime))
INSERT tbl_nation (id_nation, polish_name, english_name, alpha2_code, alpha3_code, numeric_code, iso_code, is_active, creation_time) VALUES (N'82f817b5-f216-eb11-995e-000c295890ee', N'Makau', N'Macao', N'MO', N'MAC', 446, N'ISO 3166-2:MO', 1, CAST(N'2020-10-25T18:48:45.113' AS DateTime))
INSERT tbl_nation (id_nation, polish_name, english_name, alpha2_code, alpha3_code, numeric_code, iso_code, is_active, creation_time) VALUES (N'83f817b5-f216-eb11-995e-000c295890ee', N'Malawi', N'Malawi', N'MW', N'MWI', 454, N'ISO 3166-2:MW', 1, CAST(N'2020-10-25T18:48:45.113' AS DateTime))
INSERT tbl_nation (id_nation, polish_name, english_name, alpha2_code, alpha3_code, numeric_code, iso_code, is_active, creation_time) VALUES (N'84f817b5-f216-eb11-995e-000c295890ee', N'Malediwy', N'Maldives', N'MV', N'MDV', 462, N'ISO 3166-2:MV', 1, CAST(N'2020-10-25T18:48:45.113' AS DateTime))
INSERT tbl_nation (id_nation, polish_name, english_name, alpha2_code, alpha3_code, numeric_code, iso_code, is_active, creation_time) VALUES (N'85f817b5-f216-eb11-995e-000c295890ee', N'Malezja', N'Malaysia', N'MY', N'MYS', 458, N'ISO 3166-2:MY', 1, CAST(N'2020-10-25T18:48:45.113' AS DateTime))
INSERT tbl_nation (id_nation, polish_name, english_name, alpha2_code, alpha3_code, numeric_code, iso_code, is_active, creation_time) VALUES (N'86f817b5-f216-eb11-995e-000c295890ee', N'Mali', N'Mali', N'ML', N'MLI', 466, N'ISO 3166-2:ML', 1, CAST(N'2020-10-25T18:48:45.113' AS DateTime))
INSERT tbl_nation (id_nation, polish_name, english_name, alpha2_code, alpha3_code, numeric_code, iso_code, is_active, creation_time) VALUES (N'87f817b5-f216-eb11-995e-000c295890ee', N'Malta', N'Malta', N'MT', N'MLT', 470, N'ISO 3166-2:MT', 1, CAST(N'2020-10-25T18:48:45.113' AS DateTime))
INSERT tbl_nation (id_nation, polish_name, english_name, alpha2_code, alpha3_code, numeric_code, iso_code, is_active, creation_time) VALUES (N'88f817b5-f216-eb11-995e-000c295890ee', N'Mariany Północne', N'Northern Mariana Islands', N'MP', N'MNP', 580, N'ISO 3166-2:MP', 1, CAST(N'2020-10-25T18:48:45.113' AS DateTime))
INSERT tbl_nation (id_nation, polish_name, english_name, alpha2_code, alpha3_code, numeric_code, iso_code, is_active, creation_time) VALUES (N'89f817b5-f216-eb11-995e-000c295890ee', N'Maroko', N'Morocco', N'MA', N'MAR', 504, N'ISO 3166-2:MA', 1, CAST(N'2020-10-25T18:48:45.113' AS DateTime))
INSERT tbl_nation (id_nation, polish_name, english_name, alpha2_code, alpha3_code, numeric_code, iso_code, is_active, creation_time) VALUES (N'8af817b5-f216-eb11-995e-000c295890ee', N'Martynika', N'Martinique', N'MQ', N'MTQ', 474, N'ISO 3166-2:MQ', 1, CAST(N'2020-10-25T18:48:45.113' AS DateTime))
INSERT tbl_nation (id_nation, polish_name, english_name, alpha2_code, alpha3_code, numeric_code, iso_code, is_active, creation_time) VALUES (N'8bf817b5-f216-eb11-995e-000c295890ee', N'Mauretania', N'Mauritania', N'MR', N'MRT', 478, N'ISO 3166-2:MR', 1, CAST(N'2020-10-25T18:48:45.113' AS DateTime))
INSERT tbl_nation (id_nation, polish_name, english_name, alpha2_code, alpha3_code, numeric_code, iso_code, is_active, creation_time) VALUES (N'8cf817b5-f216-eb11-995e-000c295890ee', N'Mauritius', N'Mauritius', N'MU', N'MUS', 480, N'ISO 3166-2:MU', 1, CAST(N'2020-10-25T18:48:45.113' AS DateTime))
INSERT tbl_nation (id_nation, polish_name, english_name, alpha2_code, alpha3_code, numeric_code, iso_code, is_active, creation_time) VALUES (N'8df817b5-f216-eb11-995e-000c295890ee', N'Meksyk', N'Mexico', N'MX', N'MEX', 484, N'ISO 3166-2:MX', 1, CAST(N'2020-10-25T18:48:45.113' AS DateTime))
INSERT tbl_nation (id_nation, polish_name, english_name, alpha2_code, alpha3_code, numeric_code, iso_code, is_active, creation_time) VALUES (N'8ef817b5-f216-eb11-995e-000c295890ee', N'Mikronezja', N'Micronesia, Federated States of', N'FM', N'FSM', 583, N'ISO 3166-2:FM', 1, CAST(N'2020-10-25T18:48:45.113' AS DateTime))
INSERT tbl_nation (id_nation, polish_name, english_name, alpha2_code, alpha3_code, numeric_code, iso_code, is_active, creation_time) VALUES (N'8ff817b5-f216-eb11-995e-000c295890ee', N'Mołdawia', N'Moldova, Republic of', N'MD', N'MDA', 498, N'ISO 3166-2:MD', 1, CAST(N'2020-10-25T18:48:45.113' AS DateTime))
INSERT tbl_nation (id_nation, polish_name, english_name, alpha2_code, alpha3_code, numeric_code, iso_code, is_active, creation_time) VALUES (N'90f817b5-f216-eb11-995e-000c295890ee', N'Monako', N'Monaco', N'MC', N'MCO', 492, N'ISO 3166-2:MC', 1, CAST(N'2020-10-25T18:48:45.113' AS DateTime))
INSERT tbl_nation (id_nation, polish_name, english_name, alpha2_code, alpha3_code, numeric_code, iso_code, is_active, creation_time) VALUES (N'91f817b5-f216-eb11-995e-000c295890ee', N'Monlia', N'Monlia', N'MN', N'MNG', 496, N'ISO 3166-2:MN', 1, CAST(N'2020-10-25T18:48:45.113' AS DateTime))
INSERT tbl_nation (id_nation, polish_name, english_name, alpha2_code, alpha3_code, numeric_code, iso_code, is_active, creation_time) VALUES (N'92f817b5-f216-eb11-995e-000c295890ee', N'Montserrat', N'Montserrat', N'MS', N'MSR', 500, N'ISO 3166-2:MS', 1, CAST(N'2020-10-25T18:48:45.113' AS DateTime))
INSERT tbl_nation (id_nation, polish_name, english_name, alpha2_code, alpha3_code, numeric_code, iso_code, is_active, creation_time) VALUES (N'93f817b5-f216-eb11-995e-000c295890ee', N'Mozambik', N'Mozambique', N'MZ', N'MOZ', 508, N'ISO 3166-2:MZ', 1, CAST(N'2020-10-25T18:48:45.113' AS DateTime))
INSERT tbl_nation (id_nation, polish_name, english_name, alpha2_code, alpha3_code, numeric_code, iso_code, is_active, creation_time) VALUES (N'94f817b5-f216-eb11-995e-000c295890ee', N'Namibia', N'Namibia', N'NA', N'NAM', 516, N'ISO 3166-2:NA', 1, CAST(N'2020-10-25T18:48:45.113' AS DateTime))
INSERT tbl_nation (id_nation, polish_name, english_name, alpha2_code, alpha3_code, numeric_code, iso_code, is_active, creation_time) VALUES (N'95f817b5-f216-eb11-995e-000c295890ee', N'Nauru', N'Nauru', N'NR', N'NRU', 520, N'ISO 3166-2:NR', 1, CAST(N'2020-10-25T18:48:45.113' AS DateTime))
INSERT tbl_nation (id_nation, polish_name, english_name, alpha2_code, alpha3_code, numeric_code, iso_code, is_active, creation_time) VALUES (N'96f817b5-f216-eb11-995e-000c295890ee', N'Nepal', N'Nepal', N'NP', N'NPL', 524, N'ISO 3166-2:NP', 1, CAST(N'2020-10-25T18:48:45.113' AS DateTime))
INSERT tbl_nation (id_nation, polish_name, english_name, alpha2_code, alpha3_code, numeric_code, iso_code, is_active, creation_time) VALUES (N'97f817b5-f216-eb11-995e-000c295890ee', N'Niemcy', N'Germany', N'DE', N'DEU', 276, N'ISO 3166-2:DE', 1, CAST(N'2020-10-25T18:48:45.113' AS DateTime))
INSERT tbl_nation (id_nation, polish_name, english_name, alpha2_code, alpha3_code, numeric_code, iso_code, is_active, creation_time) VALUES (N'98f817b5-f216-eb11-995e-000c295890ee', N'Niger', N'Niger', N'NE', N'NER', 562, N'ISO 3166-2:NE', 1, CAST(N'2020-10-25T18:48:45.113' AS DateTime))
INSERT tbl_nation (id_nation, polish_name, english_name, alpha2_code, alpha3_code, numeric_code, iso_code, is_active, creation_time) VALUES (N'99f817b5-f216-eb11-995e-000c295890ee', N'Nigeria', N'Nigeria', N'NG', N'NGA', 566, N'ISO 3166-2:NG', 1, CAST(N'2020-10-25T18:48:45.113' AS DateTime))
INSERT tbl_nation (id_nation, polish_name, english_name, alpha2_code, alpha3_code, numeric_code, iso_code, is_active, creation_time) VALUES (N'9af817b5-f216-eb11-995e-000c295890ee', N'Nikaragua', N'Nicaragua', N'NI', N'NIC', 558, N'ISO 3166-2:NI', 1, CAST(N'2020-10-25T18:48:45.113' AS DateTime))
INSERT tbl_nation (id_nation, polish_name, english_name, alpha2_code, alpha3_code, numeric_code, iso_code, is_active, creation_time) VALUES (N'9bf817b5-f216-eb11-995e-000c295890ee', N'Niue', N'Niue', N'NU', N'NIU', 570, N'ISO 3166-2:NU', 1, CAST(N'2020-10-25T18:48:45.113' AS DateTime))
INSERT tbl_nation (id_nation, polish_name, english_name, alpha2_code, alpha3_code, numeric_code, iso_code, is_active, creation_time) VALUES (N'9cf817b5-f216-eb11-995e-000c295890ee', N'Norfolk', N'Norfolk Island', N'NF', N'NFK', 574, N'ISO 3166-2:NF', 1, CAST(N'2020-10-25T18:48:45.113' AS DateTime))
INSERT tbl_nation (id_nation, polish_name, english_name, alpha2_code, alpha3_code, numeric_code, iso_code, is_active, creation_time) VALUES (N'9df817b5-f216-eb11-995e-000c295890ee', N'Norwegia', N'Norway', N'NO', N'NOR', 578, N'ISO 3166-2:NO', 1, CAST(N'2020-10-25T18:48:45.113' AS DateTime))
INSERT tbl_nation (id_nation, polish_name, english_name, alpha2_code, alpha3_code, numeric_code, iso_code, is_active, creation_time) VALUES (N'9ef817b5-f216-eb11-995e-000c295890ee', N'Nowa Kaledonia', N'New Caledonia', N'NC', N'NCL', 540, N'ISO 3166-2:NC', 1, CAST(N'2020-10-25T18:48:45.113' AS DateTime))
INSERT tbl_nation (id_nation, polish_name, english_name, alpha2_code, alpha3_code, numeric_code, iso_code, is_active, creation_time) VALUES (N'9ff817b5-f216-eb11-995e-000c295890ee', N'Nowa Zelandia', N'New Zealand', N'NZ', N'NZL', 554, N'ISO 3166-2:NZ', 1, CAST(N'2020-10-25T18:48:45.113' AS DateTime))
INSERT tbl_nation (id_nation, polish_name, english_name, alpha2_code, alpha3_code, numeric_code, iso_code, is_active, creation_time) VALUES (N'a0f817b5-f216-eb11-995e-000c295890ee', N'Oman', N'Oman', N'OM', N'OMN', 512, N'ISO 3166-2:OM', 1, CAST(N'2020-10-25T18:48:45.113' AS DateTime))
INSERT tbl_nation (id_nation, polish_name, english_name, alpha2_code, alpha3_code, numeric_code, iso_code, is_active, creation_time) VALUES (N'a1f817b5-f216-eb11-995e-000c295890ee', N'Pakistan', N'Pakistan', N'PK', N'PAK', 586, N'ISO 3166-2:PK', 1, CAST(N'2020-10-25T18:48:45.113' AS DateTime))
INSERT tbl_nation (id_nation, polish_name, english_name, alpha2_code, alpha3_code, numeric_code, iso_code, is_active, creation_time) VALUES (N'a2f817b5-f216-eb11-995e-000c295890ee', N'Palau', N'Palau', N'PW', N'PLW', 585, N'ISO 3166-2:PW', 1, CAST(N'2020-10-25T18:48:45.113' AS DateTime))
INSERT tbl_nation (id_nation, polish_name, english_name, alpha2_code, alpha3_code, numeric_code, iso_code, is_active, creation_time) VALUES (N'a3f817b5-f216-eb11-995e-000c295890ee', N'Palestyna', N'Palestinian Territory, Occupied', N'PS', N'PSE', 275, N'ISO 3166-2:PS', 1, CAST(N'2020-10-25T18:48:45.113' AS DateTime))
INSERT tbl_nation (id_nation, polish_name, english_name, alpha2_code, alpha3_code, numeric_code, iso_code, is_active, creation_time) VALUES (N'a4f817b5-f216-eb11-995e-000c295890ee', N'Panama', N'Panama', N'PA', N'PAN', 591, N'ISO 3166-2:PA', 1, CAST(N'2020-10-25T18:48:45.113' AS DateTime))
INSERT tbl_nation (id_nation, polish_name, english_name, alpha2_code, alpha3_code, numeric_code, iso_code, is_active, creation_time) VALUES (N'a5f817b5-f216-eb11-995e-000c295890ee', N'Papua-Nowa Gwinea', N'Papua New Guinea', N'PG', N'PNG', 598, N'ISO 3166-2:PG', 1, CAST(N'2020-10-25T18:48:45.113' AS DateTime))
INSERT tbl_nation (id_nation, polish_name, english_name, alpha2_code, alpha3_code, numeric_code, iso_code, is_active, creation_time) VALUES (N'a6f817b5-f216-eb11-995e-000c295890ee', N'Paragwaj', N'Paraguay', N'PY', N'PRY', 600, N'ISO 3166-2:PY', 1, CAST(N'2020-10-25T18:48:45.113' AS DateTime))
INSERT tbl_nation (id_nation, polish_name, english_name, alpha2_code, alpha3_code, numeric_code, iso_code, is_active, creation_time) VALUES (N'a7f817b5-f216-eb11-995e-000c295890ee', N'Peru', N'Peru', N'PE', N'PER', 604, N'ISO 3166-2:PE', 1, CAST(N'2020-10-25T18:48:45.113' AS DateTime))
INSERT tbl_nation (id_nation, polish_name, english_name, alpha2_code, alpha3_code, numeric_code, iso_code, is_active, creation_time) VALUES (N'a8f817b5-f216-eb11-995e-000c295890ee', N'Pitcairn', N'Pitcairn', N'PN', N'PCN', 612, N'ISO 3166-2:PN', 1, CAST(N'2020-10-25T18:48:45.113' AS DateTime))
INSERT tbl_nation (id_nation, polish_name, english_name, alpha2_code, alpha3_code, numeric_code, iso_code, is_active, creation_time) VALUES (N'a9f817b5-f216-eb11-995e-000c295890ee', N'Polinezja Francuska', N'French Polynesia', N'PF', N'PYF', 258, N'ISO 3166-2:PF', 1, CAST(N'2020-10-25T18:48:45.113' AS DateTime))
INSERT tbl_nation (id_nation, polish_name, english_name, alpha2_code, alpha3_code, numeric_code, iso_code, is_active, creation_time) VALUES (N'aaf817b5-f216-eb11-995e-000c295890ee', N'Polska', N'Poland', N'PL', N'POL', 616, N'ISO 3166-2:PL', 1, CAST(N'2020-10-25T18:48:45.113' AS DateTime))
INSERT tbl_nation (id_nation, polish_name, english_name, alpha2_code, alpha3_code, numeric_code, iso_code, is_active, creation_time) VALUES (N'abf817b5-f216-eb11-995e-000c295890ee', N'Portoryko', N'Puerto Rico', N'PR', N'PRI', 630, N'ISO 3166-2:PR', 1, CAST(N'2020-10-25T18:48:45.113' AS DateTime))
INSERT tbl_nation (id_nation, polish_name, english_name, alpha2_code, alpha3_code, numeric_code, iso_code, is_active, creation_time) VALUES (N'acf817b5-f216-eb11-995e-000c295890ee', N'Portugalia', N'Portugal', N'PT', N'PRT', 620, N'ISO 3166-2:PT', 1, CAST(N'2020-10-25T18:48:45.113' AS DateTime))
INSERT tbl_nation (id_nation, polish_name, english_name, alpha2_code, alpha3_code, numeric_code, iso_code, is_active, creation_time) VALUES (N'adf817b5-f216-eb11-995e-000c295890ee', N'Tajwan', N'Taiwan', N'TW', N'TWN', 158, N'ISO 3166-2:TW', 1, CAST(N'2020-10-25T18:48:45.113' AS DateTime))
INSERT tbl_nation (id_nation, polish_name, english_name, alpha2_code, alpha3_code, numeric_code, iso_code, is_active, creation_time) VALUES (N'aef817b5-f216-eb11-995e-000c295890ee', N'Republika Południowej Afryki', N'South Africa', N'ZA', N'ZAF', 710, N'ISO 3166-2:ZA', 1, CAST(N'2020-10-25T18:48:45.113' AS DateTime))
INSERT tbl_nation (id_nation, polish_name, english_name, alpha2_code, alpha3_code, numeric_code, iso_code, is_active, creation_time) VALUES (N'aff817b5-f216-eb11-995e-000c295890ee', N'Republika Środkowoafrykańska', N'Central African Republic', N'CF', N'CAF', 140, N'ISO 3166-2:CF', 1, CAST(N'2020-10-25T18:48:45.113' AS DateTime))
INSERT tbl_nation (id_nation, polish_name, english_name, alpha2_code, alpha3_code, numeric_code, iso_code, is_active, creation_time) VALUES (N'b0f817b5-f216-eb11-995e-000c295890ee', N'Republika Zielone Przylądka', N'Cape Verde', N'CV', N'CPV', 132, N'ISO 3166-2:CV', 1, CAST(N'2020-10-25T18:48:45.113' AS DateTime))
INSERT tbl_nation (id_nation, polish_name, english_name, alpha2_code, alpha3_code, numeric_code, iso_code, is_active, creation_time) VALUES (N'b1f817b5-f216-eb11-995e-000c295890ee', N'Reunion', N'Réunion', N'RE', N'REU', 638, N'ISO 3166-2:RE', 1, CAST(N'2020-10-25T18:48:45.113' AS DateTime))
INSERT tbl_nation (id_nation, polish_name, english_name, alpha2_code, alpha3_code, numeric_code, iso_code, is_active, creation_time) VALUES (N'b2f817b5-f216-eb11-995e-000c295890ee', N'Rosja', N'Russian Federation', N'RU', N'RUS', 643, N'ISO 3166-2:RU', 1, CAST(N'2020-10-25T18:48:45.113' AS DateTime))
INSERT tbl_nation (id_nation, polish_name, english_name, alpha2_code, alpha3_code, numeric_code, iso_code, is_active, creation_time) VALUES (N'b3f817b5-f216-eb11-995e-000c295890ee', N'Rumunia', N'Romania', N'RO', N'ROU', 642, N'ISO 3166-2:RO', 1, CAST(N'2020-10-25T18:48:45.113' AS DateTime))
INSERT tbl_nation (id_nation, polish_name, english_name, alpha2_code, alpha3_code, numeric_code, iso_code, is_active, creation_time) VALUES (N'b4f817b5-f216-eb11-995e-000c295890ee', N'Rwanda', N'Rwanda', N'RW', N'RWA', 646, N'ISO 3166-2:RW', 1, CAST(N'2020-10-25T18:48:45.113' AS DateTime))
INSERT tbl_nation (id_nation, polish_name, english_name, alpha2_code, alpha3_code, numeric_code, iso_code, is_active, creation_time) VALUES (N'b5f817b5-f216-eb11-995e-000c295890ee', N'Sahara Zachodnia', N'Western Sahara', N'EH', N'ESH', 732, N'ISO 3166-2:EH', 1, CAST(N'2020-10-25T18:48:45.113' AS DateTime))
INSERT tbl_nation (id_nation, polish_name, english_name, alpha2_code, alpha3_code, numeric_code, iso_code, is_active, creation_time) VALUES (N'b6f817b5-f216-eb11-995e-000c295890ee', N'Saint Kitts i Nevis', N'Saint Kitts and Nevis', N'KN', N'KNA', 659, N'ISO 3166-2:KN', 1, CAST(N'2020-10-25T18:48:45.113' AS DateTime))
INSERT tbl_nation (id_nation, polish_name, english_name, alpha2_code, alpha3_code, numeric_code, iso_code, is_active, creation_time) VALUES (N'b7f817b5-f216-eb11-995e-000c295890ee', N'Saint Lucia', N'Saint Lucia', N'LC', N'LCA', 662, N'ISO 3166-2:LC', 1, CAST(N'2020-10-25T18:48:45.113' AS DateTime))
INSERT tbl_nation (id_nation, polish_name, english_name, alpha2_code, alpha3_code, numeric_code, iso_code, is_active, creation_time) VALUES (N'b8f817b5-f216-eb11-995e-000c295890ee', N'Saint Vincent i Grenadyny', N'Saint Vincent and the Grenadines', N'VC', N'VCT', 670, N'ISO 3166-2:VC', 1, CAST(N'2020-10-25T18:48:45.113' AS DateTime))
INSERT tbl_nation (id_nation, polish_name, english_name, alpha2_code, alpha3_code, numeric_code, iso_code, is_active, creation_time) VALUES (N'b9f817b5-f216-eb11-995e-000c295890ee', N'Saint-Barthélemy', N'Saint Barthélemy', N'BL', N'BLM', 652, N'ISO 3166-2:BL', 1, CAST(N'2020-10-25T18:48:45.113' AS DateTime))
INSERT tbl_nation (id_nation, polish_name, english_name, alpha2_code, alpha3_code, numeric_code, iso_code, is_active, creation_time) VALUES (N'baf817b5-f216-eb11-995e-000c295890ee', N'Saint-Martin', N'Saint Martin (French part)', N'MF', N'MAF', 663, N'ISO 3166-2:MF', 1, CAST(N'2020-10-25T18:48:45.113' AS DateTime))
INSERT tbl_nation (id_nation, polish_name, english_name, alpha2_code, alpha3_code, numeric_code, iso_code, is_active, creation_time) VALUES (N'bbf817b5-f216-eb11-995e-000c295890ee', N'Saint-Pierre i Miquelon', N'Saint Pierre and Miquelon', N'PM', N'SPM', 666, N'ISO 3166-2:PM', 1, CAST(N'2020-10-25T18:48:45.113' AS DateTime))
INSERT tbl_nation (id_nation, polish_name, english_name, alpha2_code, alpha3_code, numeric_code, iso_code, is_active, creation_time) VALUES (N'bcf817b5-f216-eb11-995e-000c295890ee', N'Salwador', N'El Salvador', N'SV', N'SLV', 222, N'ISO 3166-2:SV', 1, CAST(N'2020-10-25T18:48:45.113' AS DateTime))
INSERT tbl_nation (id_nation, polish_name, english_name, alpha2_code, alpha3_code, numeric_code, iso_code, is_active, creation_time) VALUES (N'bdf817b5-f216-eb11-995e-000c295890ee', N'Samoa Amerykańskie', N'American Samoa', N'AS', N'ASM', 16, N'ISO 3166-2:AS', 1, CAST(N'2020-10-25T18:48:45.113' AS DateTime))
INSERT tbl_nation (id_nation, polish_name, english_name, alpha2_code, alpha3_code, numeric_code, iso_code, is_active, creation_time) VALUES (N'bef817b5-f216-eb11-995e-000c295890ee', N'Samoa', N'Samoa', N'WS', N'WSM', 882, N'ISO 3166-2:WS', 1, CAST(N'2020-10-25T18:48:45.113' AS DateTime))
INSERT tbl_nation (id_nation, polish_name, english_name, alpha2_code, alpha3_code, numeric_code, iso_code, is_active, creation_time) VALUES (N'bff817b5-f216-eb11-995e-000c295890ee', N'San Marino', N'San Marino', N'SM', N'SMR', 674, N'ISO 3166-2:SM', 1, CAST(N'2020-10-25T18:48:45.113' AS DateTime))
INSERT tbl_nation (id_nation, polish_name, english_name, alpha2_code, alpha3_code, numeric_code, iso_code, is_active, creation_time) VALUES (N'c0f817b5-f216-eb11-995e-000c295890ee', N'Senegal', N'Senegal', N'SN', N'SEN', 686, N'ISO 3166-2:SN', 1, CAST(N'2020-10-25T18:48:45.113' AS DateTime))
INSERT tbl_nation (id_nation, polish_name, english_name, alpha2_code, alpha3_code, numeric_code, iso_code, is_active, creation_time) VALUES (N'c1f817b5-f216-eb11-995e-000c295890ee', N'Serbia', N'Serbia', N'RS', N'SRB', 688, N'ISO 3166-2:RS', 1, CAST(N'2020-10-25T18:48:45.113' AS DateTime))
INSERT tbl_nation (id_nation, polish_name, english_name, alpha2_code, alpha3_code, numeric_code, iso_code, is_active, creation_time) VALUES (N'c2f817b5-f216-eb11-995e-000c295890ee', N'Seszele', N'Seychelles', N'SC', N'SYC', 690, N'ISO 3166-2:SC', 1, CAST(N'2020-10-25T18:48:45.113' AS DateTime))
INSERT tbl_nation (id_nation, polish_name, english_name, alpha2_code, alpha3_code, numeric_code, iso_code, is_active, creation_time) VALUES (N'c3f817b5-f216-eb11-995e-000c295890ee', N'Sierra Leone', N'Sierra Leone', N'SL', N'SLE', 694, N'ISO 3166-2:SL', 1, CAST(N'2020-10-25T18:48:45.113' AS DateTime))
INSERT tbl_nation (id_nation, polish_name, english_name, alpha2_code, alpha3_code, numeric_code, iso_code, is_active, creation_time) VALUES (N'c4f817b5-f216-eb11-995e-000c295890ee', N'Singapur', N'Singapore', N'SG', N'SGP', 702, N'ISO 3166-2:SG', 1, CAST(N'2020-10-25T18:48:45.113' AS DateTime))
INSERT tbl_nation (id_nation, polish_name, english_name, alpha2_code, alpha3_code, numeric_code, iso_code, is_active, creation_time) VALUES (N'c5f817b5-f216-eb11-995e-000c295890ee', N'Sint Maarten', N'Sint Maarten (Dutch part)', N'SX', N'SXM', 534, N'ISO 3166-2:SX', 1, CAST(N'2020-10-25T18:48:45.113' AS DateTime))
INSERT tbl_nation (id_nation, polish_name, english_name, alpha2_code, alpha3_code, numeric_code, iso_code, is_active, creation_time) VALUES (N'c6f817b5-f216-eb11-995e-000c295890ee', N'Słowacja', N'Slovakia', N'SK', N'SVK', 703, N'ISO 3166-2:SK', 1, CAST(N'2020-10-25T18:48:45.113' AS DateTime))
INSERT tbl_nation (id_nation, polish_name, english_name, alpha2_code, alpha3_code, numeric_code, iso_code, is_active, creation_time) VALUES (N'c7f817b5-f216-eb11-995e-000c295890ee', N'Słowenia', N'Slovenia', N'SI', N'SVN', 705, N'ISO 3166-2:SI', 1, CAST(N'2020-10-25T18:48:45.113' AS DateTime))
INSERT tbl_nation (id_nation, polish_name, english_name, alpha2_code, alpha3_code, numeric_code, iso_code, is_active, creation_time) VALUES (N'c8f817b5-f216-eb11-995e-000c295890ee', N'Somalia', N'Somalia', N'SO', N'SOM', 706, N'ISO 3166-2:SO', 1, CAST(N'2020-10-25T18:48:45.113' AS DateTime))
INSERT tbl_nation (id_nation, polish_name, english_name, alpha2_code, alpha3_code, numeric_code, iso_code, is_active, creation_time) VALUES (N'c9f817b5-f216-eb11-995e-000c295890ee', N'Sri Lanka', N'Sri Lanka', N'LK', N'LKA', 144, N'ISO 3166-2:LK', 1, CAST(N'2020-10-25T18:48:45.113' AS DateTime))
INSERT tbl_nation (id_nation, polish_name, english_name, alpha2_code, alpha3_code, numeric_code, iso_code, is_active, creation_time) VALUES (N'caf817b5-f216-eb11-995e-000c295890ee', N'Stany Zjednoczone', N'United States', N'US', N'USA', 840, N'ISO 3166-2:US', 1, CAST(N'2020-10-25T18:48:45.113' AS DateTime))
INSERT tbl_nation (id_nation, polish_name, english_name, alpha2_code, alpha3_code, numeric_code, iso_code, is_active, creation_time) VALUES (N'cbf817b5-f216-eb11-995e-000c295890ee', N'Suazi', N'Swaziland', N'SZ', N'SWZ', 748, N'ISO 3166-2:SZ', 1, CAST(N'2020-10-25T18:48:45.113' AS DateTime))
INSERT tbl_nation (id_nation, polish_name, english_name, alpha2_code, alpha3_code, numeric_code, iso_code, is_active, creation_time) VALUES (N'ccf817b5-f216-eb11-995e-000c295890ee', N'Sudan', N'Sudan', N'SD', N'SDN', 736, N'ISO 3166-2:SD', 1, CAST(N'2020-10-25T18:48:45.113' AS DateTime))
INSERT tbl_nation (id_nation, polish_name, english_name, alpha2_code, alpha3_code, numeric_code, iso_code, is_active, creation_time) VALUES (N'cdf817b5-f216-eb11-995e-000c295890ee', N'Surinam', N'Suriname', N'SR', N'SUR', 740, N'ISO 3166-2:SR', 1, CAST(N'2020-10-25T18:48:45.113' AS DateTime))
INSERT tbl_nation (id_nation, polish_name, english_name, alpha2_code, alpha3_code, numeric_code, iso_code, is_active, creation_time) VALUES (N'cef817b5-f216-eb11-995e-000c295890ee', N'Svalbard i Jan Mayen', N'Svalbard and Jan Mayen', N'SJ', N'SJM', 744, N'ISO 3166-2:SJ', 1, CAST(N'2020-10-25T18:48:45.113' AS DateTime))
INSERT tbl_nation (id_nation, polish_name, english_name, alpha2_code, alpha3_code, numeric_code, iso_code, is_active, creation_time) VALUES (N'cff817b5-f216-eb11-995e-000c295890ee', N'Syria', N'Syrian Arab Republic', N'SY', N'SYR', 760, N'ISO 3166-2:SY', 1, CAST(N'2020-10-25T18:48:45.113' AS DateTime))
INSERT tbl_nation (id_nation, polish_name, english_name, alpha2_code, alpha3_code, numeric_code, iso_code, is_active, creation_time) VALUES (N'd0f817b5-f216-eb11-995e-000c295890ee', N'Szwajcaria', N'Switzerland', N'CH', N'CHE', 756, N'ISO 3166-2:CH', 1, CAST(N'2020-10-25T18:48:45.113' AS DateTime))
INSERT tbl_nation (id_nation, polish_name, english_name, alpha2_code, alpha3_code, numeric_code, iso_code, is_active, creation_time) VALUES (N'd1f817b5-f216-eb11-995e-000c295890ee', N'Szwecja', N'Sweden', N'SE', N'SWE', 752, N'ISO 3166-2:SE', 1, CAST(N'2020-10-25T18:48:45.113' AS DateTime))
INSERT tbl_nation (id_nation, polish_name, english_name, alpha2_code, alpha3_code, numeric_code, iso_code, is_active, creation_time) VALUES (N'd2f817b5-f216-eb11-995e-000c295890ee', N'Tadżykistan', N'Tajikistan', N'TJ', N'TJK', 762, N'ISO 3166-2:TJ', 1, CAST(N'2020-10-25T18:48:45.113' AS DateTime))
INSERT tbl_nation (id_nation, polish_name, english_name, alpha2_code, alpha3_code, numeric_code, iso_code, is_active, creation_time) VALUES (N'd3f817b5-f216-eb11-995e-000c295890ee', N'Tajlandia', N'Thailand', N'TH', N'THA', 764, N'ISO 3166-2:TH', 1, CAST(N'2020-10-25T18:48:45.113' AS DateTime))
INSERT tbl_nation (id_nation, polish_name, english_name, alpha2_code, alpha3_code, numeric_code, iso_code, is_active, creation_time) VALUES (N'd4f817b5-f216-eb11-995e-000c295890ee', N'Tanzania', N'Tanzania, United Republic of', N'TZ', N'TZA', 834, N'ISO 3166-2:TZ', 1, CAST(N'2020-10-25T18:48:45.113' AS DateTime))
INSERT tbl_nation (id_nation, polish_name, english_name, alpha2_code, alpha3_code, numeric_code, iso_code, is_active, creation_time) VALUES (N'd5f817b5-f216-eb11-995e-000c295890ee', N'Timor Wschodni', N'Timor-Leste', N'TL', N'TLS', 626, N'ISO 3166-2:TL', 1, CAST(N'2020-10-25T18:48:45.113' AS DateTime))
INSERT tbl_nation (id_nation, polish_name, english_name, alpha2_code, alpha3_code, numeric_code, iso_code, is_active, creation_time) VALUES (N'd6f817b5-f216-eb11-995e-000c295890ee', N'To', N'To', N'TG', N'T', 768, N'ISO 3166-2:TG', 1, CAST(N'2020-10-25T18:48:45.113' AS DateTime))
INSERT tbl_nation (id_nation, polish_name, english_name, alpha2_code, alpha3_code, numeric_code, iso_code, is_active, creation_time) VALUES (N'd7f817b5-f216-eb11-995e-000c295890ee', N'Tokelau', N'Tokelau', N'TK', N'TKL', 772, N'ISO 3166-2:TK', 1, CAST(N'2020-10-25T18:48:45.113' AS DateTime))
INSERT tbl_nation (id_nation, polish_name, english_name, alpha2_code, alpha3_code, numeric_code, iso_code, is_active, creation_time) VALUES (N'd8f817b5-f216-eb11-995e-000c295890ee', N'Tonga', N'Tonga', N'TO', N'TON', 776, N'ISO 3166-2:TO', 1, CAST(N'2020-10-25T18:48:45.113' AS DateTime))
INSERT tbl_nation (id_nation, polish_name, english_name, alpha2_code, alpha3_code, numeric_code, iso_code, is_active, creation_time) VALUES (N'd9f817b5-f216-eb11-995e-000c295890ee', N'Trynidad i Toba', N'Trinidad and Toba', N'TT', N'TTO', 780, N'ISO 3166-2:TT', 1, CAST(N'2020-10-25T18:48:45.113' AS DateTime))
INSERT tbl_nation (id_nation, polish_name, english_name, alpha2_code, alpha3_code, numeric_code, iso_code, is_active, creation_time) VALUES (N'daf817b5-f216-eb11-995e-000c295890ee', N'Tunezja', N'Tunisia', N'TN', N'TUN', 788, N'ISO 3166-2:TN', 1, CAST(N'2020-10-25T18:48:45.113' AS DateTime))
INSERT tbl_nation (id_nation, polish_name, english_name, alpha2_code, alpha3_code, numeric_code, iso_code, is_active, creation_time) VALUES (N'dbf817b5-f216-eb11-995e-000c295890ee', N'Turcja', N'Turkey', N'TR', N'TUR', 792, N'ISO 3166-2:TR', 1, CAST(N'2020-10-25T18:48:45.113' AS DateTime))
INSERT tbl_nation (id_nation, polish_name, english_name, alpha2_code, alpha3_code, numeric_code, iso_code, is_active, creation_time) VALUES (N'dcf817b5-f216-eb11-995e-000c295890ee', N'Turkmenistan', N'Turkmenistan', N'TM', N'TKM', 795, N'ISO 3166-2:TM', 1, CAST(N'2020-10-25T18:48:45.113' AS DateTime))
INSERT tbl_nation (id_nation, polish_name, english_name, alpha2_code, alpha3_code, numeric_code, iso_code, is_active, creation_time) VALUES (N'ddf817b5-f216-eb11-995e-000c295890ee', N'Turks i Caicos', N'Turks and Caicos Islands', N'TC', N'TCA', 796, N'ISO 3166-2:TC', 1, CAST(N'2020-10-25T18:48:45.113' AS DateTime))
INSERT tbl_nation (id_nation, polish_name, english_name, alpha2_code, alpha3_code, numeric_code, iso_code, is_active, creation_time) VALUES (N'def817b5-f216-eb11-995e-000c295890ee', N'Tuvalu', N'Tuvalu', N'TV', N'TUV', 798, N'ISO 3166-2:TV', 1, CAST(N'2020-10-25T18:48:45.113' AS DateTime))
INSERT tbl_nation (id_nation, polish_name, english_name, alpha2_code, alpha3_code, numeric_code, iso_code, is_active, creation_time) VALUES (N'dff817b5-f216-eb11-995e-000c295890ee', N'Uganda', N'Uganda', N'UG', N'UGA', 800, N'ISO 3166-2:UG', 1, CAST(N'2020-10-25T18:48:45.113' AS DateTime))
INSERT tbl_nation (id_nation, polish_name, english_name, alpha2_code, alpha3_code, numeric_code, iso_code, is_active, creation_time) VALUES (N'e0f817b5-f216-eb11-995e-000c295890ee', N'Ukraina', N'Ukraine', N'UA', N'UKR', 804, N'ISO 3166-2:UA', 1, CAST(N'2020-10-25T18:48:45.113' AS DateTime))
INSERT tbl_nation (id_nation, polish_name, english_name, alpha2_code, alpha3_code, numeric_code, iso_code, is_active, creation_time) VALUES (N'e1f817b5-f216-eb11-995e-000c295890ee', N'Urugwaj', N'Uruguay', N'UY', N'URY', 858, N'ISO 3166-2:UY', 1, CAST(N'2020-10-25T18:48:45.113' AS DateTime))
INSERT tbl_nation (id_nation, polish_name, english_name, alpha2_code, alpha3_code, numeric_code, iso_code, is_active, creation_time) VALUES (N'e2f817b5-f216-eb11-995e-000c295890ee', N'Uzbekistan', N'Uzbekistan', N'UZ', N'UZB', 860, N'ISO 3166-2:UZ', 1, CAST(N'2020-10-25T18:48:45.113' AS DateTime))
INSERT tbl_nation (id_nation, polish_name, english_name, alpha2_code, alpha3_code, numeric_code, iso_code, is_active, creation_time) VALUES (N'e3f817b5-f216-eb11-995e-000c295890ee', N'Vanuatu', N'Vanuatu', N'VU', N'VUT', 548, N'ISO 3166-2:VU', 1, CAST(N'2020-10-25T18:48:45.113' AS DateTime))
INSERT tbl_nation (id_nation, polish_name, english_name, alpha2_code, alpha3_code, numeric_code, iso_code, is_active, creation_time) VALUES (N'e4f817b5-f216-eb11-995e-000c295890ee', N'Wallis i Futuna', N'Wallis and Futuna', N'WF', N'WLF', 876, N'ISO 3166-2:WF', 1, CAST(N'2020-10-25T18:48:45.113' AS DateTime))
INSERT tbl_nation (id_nation, polish_name, english_name, alpha2_code, alpha3_code, numeric_code, iso_code, is_active, creation_time) VALUES (N'e5f817b5-f216-eb11-995e-000c295890ee', N'Watykan', N'Holy See (Vatican City State)', N'VA', N'VAT', 336, N'ISO 3166-2:VA', 1, CAST(N'2020-10-25T18:48:45.113' AS DateTime))
INSERT tbl_nation (id_nation, polish_name, english_name, alpha2_code, alpha3_code, numeric_code, iso_code, is_active, creation_time) VALUES (N'e6f817b5-f216-eb11-995e-000c295890ee', N'Wenezuela', N'Venezuela, Bolivarian Republic of', N'VE', N'VEN', 862, N'ISO 3166-2:VE', 1, CAST(N'2020-10-25T18:48:45.113' AS DateTime))
INSERT tbl_nation (id_nation, polish_name, english_name, alpha2_code, alpha3_code, numeric_code, iso_code, is_active, creation_time) VALUES (N'e7f817b5-f216-eb11-995e-000c295890ee', N'Węgry', N'Hungary', N'HU', N'HUN', 348, N'ISO 3166-2:HU', 1, CAST(N'2020-10-25T18:48:45.113' AS DateTime))
INSERT tbl_nation (id_nation, polish_name, english_name, alpha2_code, alpha3_code, numeric_code, iso_code, is_active, creation_time) VALUES (N'e8f817b5-f216-eb11-995e-000c295890ee', N'Wielka Brytania', N'United Kingdom', N'GB', N'GBR', 826, N'ISO 3166-2:GB', 1, CAST(N'2020-10-25T18:48:45.113' AS DateTime))
INSERT tbl_nation (id_nation, polish_name, english_name, alpha2_code, alpha3_code, numeric_code, iso_code, is_active, creation_time) VALUES (N'e9f817b5-f216-eb11-995e-000c295890ee', N'Wietnam', N'Viet Nam', N'VN', N'VNM', 704, N'ISO 3166-2:VN', 1, CAST(N'2020-10-25T18:48:45.113' AS DateTime))
INSERT tbl_nation (id_nation, polish_name, english_name, alpha2_code, alpha3_code, numeric_code, iso_code, is_active, creation_time) VALUES (N'eaf817b5-f216-eb11-995e-000c295890ee', N'Włochy', N'Italy', N'IT', N'ITA', 380, N'ISO 3166-2:IT', 1, CAST(N'2020-10-25T18:48:45.113' AS DateTime))
INSERT tbl_nation (id_nation, polish_name, english_name, alpha2_code, alpha3_code, numeric_code, iso_code, is_active, creation_time) VALUES (N'ebf817b5-f216-eb11-995e-000c295890ee', N'Wybrzeże Kości Słoniowej', N'Côte d’Ivoire', N'CI', N'CIV', 384, N'ISO 3166-2:CI', 1, CAST(N'2020-10-25T18:48:45.113' AS DateTime))
INSERT tbl_nation (id_nation, polish_name, english_name, alpha2_code, alpha3_code, numeric_code, iso_code, is_active, creation_time) VALUES (N'ecf817b5-f216-eb11-995e-000c295890ee', N'Wyspa Bouveta', N'Bouvet Island', N'BV', N'BVT', 74, N'ISO 3166-2:BV', 1, CAST(N'2020-10-25T18:48:45.113' AS DateTime))
INSERT tbl_nation (id_nation, polish_name, english_name, alpha2_code, alpha3_code, numeric_code, iso_code, is_active, creation_time) VALUES (N'edf817b5-f216-eb11-995e-000c295890ee', N'Wyspa Boże Narodzenia', N'Christmas Island', N'CX', N'CXR', 162, N'ISO 3166-2:CX', 1, CAST(N'2020-10-25T18:48:45.113' AS DateTime))
INSERT tbl_nation (id_nation, polish_name, english_name, alpha2_code, alpha3_code, numeric_code, iso_code, is_active, creation_time) VALUES (N'eef817b5-f216-eb11-995e-000c295890ee', N'Wyspa Man', N'Isle of Man', N'IM', N'IMN', 833, N'ISO 3166-2:IM', 1, CAST(N'2020-10-25T18:48:45.113' AS DateTime))
INSERT tbl_nation (id_nation, polish_name, english_name, alpha2_code, alpha3_code, numeric_code, iso_code, is_active, creation_time) VALUES (N'eff817b5-f216-eb11-995e-000c295890ee', N'Wyspa Świętej Heleny, Wyspa Wniebowstąpienia i Tristan da Cunha', N'Saint Helena, Ascension and Tristan da Cunha', N'SH', N'SHN', 654, N'ISO 3166-2:SH', 1, CAST(N'2020-10-25T18:48:45.113' AS DateTime))
INSERT tbl_nation (id_nation, polish_name, english_name, alpha2_code, alpha3_code, numeric_code, iso_code, is_active, creation_time) VALUES (N'f0f817b5-f216-eb11-995e-000c295890ee', N'Wyspy Alandzkie', N'Åland Islands', N'AX', N'ALA', 248, N'ISO 3166-2:AX', 1, CAST(N'2020-10-25T18:48:45.113' AS DateTime))
INSERT tbl_nation (id_nation, polish_name, english_name, alpha2_code, alpha3_code, numeric_code, iso_code, is_active, creation_time) VALUES (N'f1f817b5-f216-eb11-995e-000c295890ee', N'Wyspy Cooka', N'Cook Islands', N'CK', N'COK', 184, N'ISO 3166-2:CK', 1, CAST(N'2020-10-25T18:48:45.113' AS DateTime))
INSERT tbl_nation (id_nation, polish_name, english_name, alpha2_code, alpha3_code, numeric_code, iso_code, is_active, creation_time) VALUES (N'f2f817b5-f216-eb11-995e-000c295890ee', N'Wyspy Dziewicze Stanów Zjednoczonych', N'Virgin Islands, U.S.', N'VI', N'VIR', 850, N'ISO 3166-2:VI', 1, CAST(N'2020-10-25T18:48:45.113' AS DateTime))
INSERT tbl_nation (id_nation, polish_name, english_name, alpha2_code, alpha3_code, numeric_code, iso_code, is_active, creation_time) VALUES (N'f3f817b5-f216-eb11-995e-000c295890ee', N'Wyspy Heard i McDonalda', N'Heard Island and McDonald Islands', N'HM', N'HMD', 334, N'ISO 3166-2:HM', 1, CAST(N'2020-10-25T18:48:45.113' AS DateTime))
INSERT tbl_nation (id_nation, polish_name, english_name, alpha2_code, alpha3_code, numeric_code, iso_code, is_active, creation_time) VALUES (N'f4f817b5-f216-eb11-995e-000c295890ee', N'Wyspy Kokosowe', N'Cocos (Keeling) Islands', N'CC', N'CCK', 166, N'ISO 3166-2:CC', 1, CAST(N'2020-10-25T18:48:45.113' AS DateTime))
INSERT tbl_nation (id_nation, polish_name, english_name, alpha2_code, alpha3_code, numeric_code, iso_code, is_active, creation_time) VALUES (N'f5f817b5-f216-eb11-995e-000c295890ee', N'Wyspy Marshalla', N'Marshall Islands', N'MH', N'MHL', 584, N'ISO 3166-2:MH', 1, CAST(N'2020-10-25T18:48:45.113' AS DateTime))
INSERT tbl_nation (id_nation, polish_name, english_name, alpha2_code, alpha3_code, numeric_code, iso_code, is_active, creation_time) VALUES (N'f6f817b5-f216-eb11-995e-000c295890ee', N'Wyspy Owcze', N'Faroe Islands', N'FO', N'FRO', 234, N'ISO 3166-2:FO', 1, CAST(N'2020-10-25T18:48:45.113' AS DateTime))
INSERT tbl_nation (id_nation, polish_name, english_name, alpha2_code, alpha3_code, numeric_code, iso_code, is_active, creation_time) VALUES (N'f7f817b5-f216-eb11-995e-000c295890ee', N'Wyspy Salomona', N'Solomon Islands', N'SB', N'SLB', 90, N'ISO 3166-2:SB', 1, CAST(N'2020-10-25T18:48:45.113' AS DateTime))
INSERT tbl_nation (id_nation, polish_name, english_name, alpha2_code, alpha3_code, numeric_code, iso_code, is_active, creation_time) VALUES (N'f8f817b5-f216-eb11-995e-000c295890ee', N'Wyspy Święte Tomasza i Książęca', N'Sao Tome and Principe', N'ST', N'STP', 678, N'ISO 3166-2:ST', 1, CAST(N'2020-10-25T18:48:45.113' AS DateTime))
INSERT tbl_nation (id_nation, polish_name, english_name, alpha2_code, alpha3_code, numeric_code, iso_code, is_active, creation_time) VALUES (N'f9f817b5-f216-eb11-995e-000c295890ee', N'Zambia', N'Zambia', N'ZM', N'ZMB', 894, N'ISO 3166-2:ZM', 1, CAST(N'2020-10-25T18:48:45.113' AS DateTime))
INSERT tbl_nation (id_nation, polish_name, english_name, alpha2_code, alpha3_code, numeric_code, iso_code, is_active, creation_time) VALUES (N'faf817b5-f216-eb11-995e-000c295890ee', N'Zimbabwe', N'Zimbabwe', N'ZW', N'ZWE', 716, N'ISO 3166-2:ZW', 1, CAST(N'2020-10-25T18:48:45.113' AS DateTime))
INSERT tbl_nation (id_nation, polish_name, english_name, alpha2_code, alpha3_code, numeric_code, iso_code, is_active, creation_time) VALUES (N'fbf817b5-f216-eb11-995e-000c295890ee', N'Zjednoczone Emiraty Arabskie', N'United Arab Emirates', N'AE', N'ARE', 784, N'ISO 3166-2:AE', 1, CAST(N'2020-10-25T18:48:45.113' AS DateTime))
GO

INSERT tbl_nato_rank (id_nato_rank, short_name, is_active, creation_time) VALUES (N'11f6f07d-f616-eb11-995e-000c295890ee', N'OR-1', 1, CAST(N'2020-10-25T19:15:50.567' AS DateTime))
INSERT tbl_nato_rank (id_nato_rank, short_name, is_active, creation_time) VALUES (N'12f6f07d-f616-eb11-995e-000c295890ee', N'OR-2', 1, CAST(N'2020-10-25T19:15:50.567' AS DateTime))
INSERT tbl_nato_rank (id_nato_rank, short_name, is_active, creation_time) VALUES (N'13f6f07d-f616-eb11-995e-000c295890ee', N'OR-3', 1, CAST(N'2020-10-25T19:15:50.567' AS DateTime))
INSERT tbl_nato_rank (id_nato_rank, short_name, is_active, creation_time) VALUES (N'14f6f07d-f616-eb11-995e-000c295890ee', N'OR-4', 1, CAST(N'2020-10-25T19:15:50.567' AS DateTime))
INSERT tbl_nato_rank (id_nato_rank, short_name, is_active, creation_time) VALUES (N'15f6f07d-f616-eb11-995e-000c295890ee', N'OR-5', 1, CAST(N'2020-10-25T19:15:50.567' AS DateTime))
INSERT tbl_nato_rank (id_nato_rank, short_name, is_active, creation_time) VALUES (N'16f6f07d-f616-eb11-995e-000c295890ee', N'OR-6', 1, CAST(N'2020-10-25T19:15:50.567' AS DateTime))
INSERT tbl_nato_rank (id_nato_rank, short_name, is_active, creation_time) VALUES (N'17f6f07d-f616-eb11-995e-000c295890ee', N'OR-7', 1, CAST(N'2020-10-25T19:15:50.567' AS DateTime))
INSERT tbl_nato_rank (id_nato_rank, short_name, is_active, creation_time) VALUES (N'18f6f07d-f616-eb11-995e-000c295890ee', N'OR-8', 1, CAST(N'2020-10-25T19:15:50.567' AS DateTime))
INSERT tbl_nato_rank (id_nato_rank, short_name, is_active, creation_time) VALUES (N'19f6f07d-f616-eb11-995e-000c295890ee', N'OR-9', 1, CAST(N'2020-10-25T19:15:50.567' AS DateTime))
INSERT tbl_nato_rank (id_nato_rank, short_name, is_active, creation_time) VALUES (N'1af6f07d-f616-eb11-995e-000c295890ee', N'WO-1', 1, CAST(N'2020-10-25T19:15:50.567' AS DateTime))
INSERT tbl_nato_rank (id_nato_rank, short_name, is_active, creation_time) VALUES (N'1bf6f07d-f616-eb11-995e-000c295890ee', N'WO-2', 1, CAST(N'2020-10-25T19:15:50.567' AS DateTime))
INSERT tbl_nato_rank (id_nato_rank, short_name, is_active, creation_time) VALUES (N'1cf6f07d-f616-eb11-995e-000c295890ee', N'WO-3', 1, CAST(N'2020-10-25T19:15:50.567' AS DateTime))
INSERT tbl_nato_rank (id_nato_rank, short_name, is_active, creation_time) VALUES (N'1df6f07d-f616-eb11-995e-000c295890ee', N'WO-4', 1, CAST(N'2020-10-25T19:15:50.567' AS DateTime))
INSERT tbl_nato_rank (id_nato_rank, short_name, is_active, creation_time) VALUES (N'1ef6f07d-f616-eb11-995e-000c295890ee', N'WO-5', 1, CAST(N'2020-10-25T19:15:50.567' AS DateTime))
INSERT tbl_nato_rank (id_nato_rank, short_name, is_active, creation_time) VALUES (N'1ff6f07d-f616-eb11-995e-000c295890ee', N'OF-1', 1, CAST(N'2020-10-25T19:15:50.567' AS DateTime))
INSERT tbl_nato_rank (id_nato_rank, short_name, is_active, creation_time) VALUES (N'20f6f07d-f616-eb11-995e-000c295890ee', N'OF-2', 1, CAST(N'2020-10-25T19:15:50.567' AS DateTime))
INSERT tbl_nato_rank (id_nato_rank, short_name, is_active, creation_time) VALUES (N'21f6f07d-f616-eb11-995e-000c295890ee', N'OF-3', 1, CAST(N'2020-10-25T19:15:50.567' AS DateTime))
INSERT tbl_nato_rank (id_nato_rank, short_name, is_active, creation_time) VALUES (N'22f6f07d-f616-eb11-995e-000c295890ee', N'OF-4', 1, CAST(N'2020-10-25T19:15:50.567' AS DateTime))
INSERT tbl_nato_rank (id_nato_rank, short_name, is_active, creation_time) VALUES (N'23f6f07d-f616-eb11-995e-000c295890ee', N'OF-5', 1, CAST(N'2020-10-25T19:15:50.567' AS DateTime))
INSERT tbl_nato_rank (id_nato_rank, short_name, is_active, creation_time) VALUES (N'24f6f07d-f616-eb11-995e-000c295890ee', N'OF-6', 1, CAST(N'2020-10-25T19:15:50.567' AS DateTime))
INSERT tbl_nato_rank (id_nato_rank, short_name, is_active, creation_time) VALUES (N'25f6f07d-f616-eb11-995e-000c295890ee', N'OF-7', 1, CAST(N'2020-10-25T19:15:50.567' AS DateTime))
INSERT tbl_nato_rank (id_nato_rank, short_name, is_active, creation_time) VALUES (N'26f6f07d-f616-eb11-995e-000c295890ee', N'OF-8', 1, CAST(N'2020-10-25T19:15:50.567' AS DateTime))
INSERT tbl_nato_rank (id_nato_rank, short_name, is_active, creation_time) VALUES (N'27f6f07d-f616-eb11-995e-000c295890ee', N'OF-9', 1, CAST(N'2020-10-25T19:15:50.567' AS DateTime))
INSERT tbl_nato_rank (id_nato_rank, short_name, is_active, creation_time) VALUES (N'28f6f07d-f616-eb11-995e-000c295890ee', N'OF-10', 1, CAST(N'2020-10-25T19:15:50.567' AS DateTime))
GO

INSERT tbl_military_rank (id_military_rank, id_nato_rank, full_name, short_name, is_polish, hierarchy, is_active, creation_time) VALUES (N'2ee7336e-fa16-eb11-995e-000c295890ee', N'11f6f07d-f616-eb11-995e-000c295890ee', N'szerewy', N'szer.', 1, 10, 1, CAST(N'2020-10-25T19:44:02.140' AS DateTime))
INSERT tbl_military_rank (id_military_rank, id_nato_rank, full_name, short_name, is_polish, hierarchy, is_active, creation_time) VALUES (N'2fe7336e-fa16-eb11-995e-000c295890ee', N'11f6f07d-f616-eb11-995e-000c295890ee', N'marynarz', N'mar.', 1, 10, 1, CAST(N'2020-10-25T19:44:02.140' AS DateTime))
INSERT tbl_military_rank (id_military_rank, id_nato_rank, full_name, short_name, is_polish, hierarchy, is_active, creation_time) VALUES (N'30e7336e-fa16-eb11-995e-000c295890ee', N'12f6f07d-f616-eb11-995e-000c295890ee', N'starszy szerewy', N'st. szer.', 1, 20, 1, CAST(N'2020-10-25T19:44:02.140' AS DateTime))
INSERT tbl_military_rank (id_military_rank, id_nato_rank, full_name, short_name, is_polish, hierarchy, is_active, creation_time) VALUES (N'31e7336e-fa16-eb11-995e-000c295890ee', N'12f6f07d-f616-eb11-995e-000c295890ee', N'starszy marynarz', N'st. mar.', 1, 20, 1, CAST(N'2020-10-25T19:44:02.140' AS DateTime))
INSERT tbl_military_rank (id_military_rank, id_nato_rank, full_name, short_name, is_polish, hierarchy, is_active, creation_time) VALUES (N'32e7336e-fa16-eb11-995e-000c295890ee', N'13f6f07d-f616-eb11-995e-000c295890ee', N'kapral', N'kpr.', 1, 30, 1, CAST(N'2020-10-25T19:44:02.140' AS DateTime))
INSERT tbl_military_rank (id_military_rank, id_nato_rank, full_name, short_name, is_polish, hierarchy, is_active, creation_time) VALUES (N'33e7336e-fa16-eb11-995e-000c295890ee', N'13f6f07d-f616-eb11-995e-000c295890ee', N'mat', N'mat', 1, 30, 1, CAST(N'2020-10-25T19:44:02.140' AS DateTime))
INSERT tbl_military_rank (id_military_rank, id_nato_rank, full_name, short_name, is_polish, hierarchy, is_active, creation_time) VALUES (N'34e7336e-fa16-eb11-995e-000c295890ee', N'14f6f07d-f616-eb11-995e-000c295890ee', N'starszy kapral', N'st. kpr.', 1, 40, 1, CAST(N'2020-10-25T19:44:02.140' AS DateTime))
INSERT tbl_military_rank (id_military_rank, id_nato_rank, full_name, short_name, is_polish, hierarchy, is_active, creation_time) VALUES (N'35e7336e-fa16-eb11-995e-000c295890ee', N'14f6f07d-f616-eb11-995e-000c295890ee', N'starszy mat', N'st. mat', 1, 40, 1, CAST(N'2020-10-25T19:44:02.140' AS DateTime))
INSERT tbl_military_rank (id_military_rank, id_nato_rank, full_name, short_name, is_polish, hierarchy, is_active, creation_time) VALUES (N'36e7336e-fa16-eb11-995e-000c295890ee', N'14f6f07d-f616-eb11-995e-000c295890ee', N'plutonowy', N'plut.', 1, 50, 1, CAST(N'2020-10-25T19:44:02.140' AS DateTime))
INSERT tbl_military_rank (id_military_rank, id_nato_rank, full_name, short_name, is_polish, hierarchy, is_active, creation_time) VALUES (N'37e7336e-fa16-eb11-995e-000c295890ee', N'14f6f07d-f616-eb11-995e-000c295890ee', N'bosmanmat', N'bsmt', 1, 50, 1, CAST(N'2020-10-25T19:44:02.140' AS DateTime))
INSERT tbl_military_rank (id_military_rank, id_nato_rank, full_name, short_name, is_polish, hierarchy, is_active, creation_time) VALUES (N'38e7336e-fa16-eb11-995e-000c295890ee', N'15f6f07d-f616-eb11-995e-000c295890ee', N'sierżant', N'sierż.', 1, 60, 1, CAST(N'2020-10-25T19:44:02.140' AS DateTime))
INSERT tbl_military_rank (id_military_rank, id_nato_rank, full_name, short_name, is_polish, hierarchy, is_active, creation_time) VALUES (N'39e7336e-fa16-eb11-995e-000c295890ee', N'15f6f07d-f616-eb11-995e-000c295890ee', N'bosman', N'bsm.', 1, 60, 1, CAST(N'2020-10-25T19:44:02.140' AS DateTime))
INSERT tbl_military_rank (id_military_rank, id_nato_rank, full_name, short_name, is_polish, hierarchy, is_active, creation_time) VALUES (N'3ae7336e-fa16-eb11-995e-000c295890ee', N'16f6f07d-f616-eb11-995e-000c295890ee', N'starszy sierżant', N'st. sierż.', 1, 70, 1, CAST(N'2020-10-25T19:44:02.140' AS DateTime))
INSERT tbl_military_rank (id_military_rank, id_nato_rank, full_name, short_name, is_polish, hierarchy, is_active, creation_time) VALUES (N'3be7336e-fa16-eb11-995e-000c295890ee', N'16f6f07d-f616-eb11-995e-000c295890ee', N'starszy bosman', N'st. bsm.', 1, 70, 1, CAST(N'2020-10-25T19:44:02.140' AS DateTime))
INSERT tbl_military_rank (id_military_rank, id_nato_rank, full_name, short_name, is_polish, hierarchy, is_active, creation_time) VALUES (N'3ce7336e-fa16-eb11-995e-000c295890ee', N'17f6f07d-f616-eb11-995e-000c295890ee', N'młodszy chorąży', N'mł. chor.', 1, 80, 1, CAST(N'2020-10-25T19:44:02.140' AS DateTime))
INSERT tbl_military_rank (id_military_rank, id_nato_rank, full_name, short_name, is_polish, hierarchy, is_active, creation_time) VALUES (N'3de7336e-fa16-eb11-995e-000c295890ee', N'17f6f07d-f616-eb11-995e-000c295890ee', N'młodszy chorąży marynarki', N'mł. chor. mar.', 1, 80, 1, CAST(N'2020-10-25T19:44:02.140' AS DateTime))
INSERT tbl_military_rank (id_military_rank, id_nato_rank, full_name, short_name, is_polish, hierarchy, is_active, creation_time) VALUES (N'3ee7336e-fa16-eb11-995e-000c295890ee', N'18f6f07d-f616-eb11-995e-000c295890ee', N'chorąży', N'chor.', 1, 90, 1, CAST(N'2020-10-25T19:44:02.140' AS DateTime))
INSERT tbl_military_rank (id_military_rank, id_nato_rank, full_name, short_name, is_polish, hierarchy, is_active, creation_time) VALUES (N'3fe7336e-fa16-eb11-995e-000c295890ee', N'18f6f07d-f616-eb11-995e-000c295890ee', N'chorąży marynarki', N'chor. mar.', 1, 90, 1, CAST(N'2020-10-25T19:44:02.140' AS DateTime))
INSERT tbl_military_rank (id_military_rank, id_nato_rank, full_name, short_name, is_polish, hierarchy, is_active, creation_time) VALUES (N'40e7336e-fa16-eb11-995e-000c295890ee', N'19f6f07d-f616-eb11-995e-000c295890ee', N'starszy chorąży', N'st. chor.', 1, 100, 1, CAST(N'2020-10-25T19:44:02.140' AS DateTime))
INSERT tbl_military_rank (id_military_rank, id_nato_rank, full_name, short_name, is_polish, hierarchy, is_active, creation_time) VALUES (N'41e7336e-fa16-eb11-995e-000c295890ee', N'19f6f07d-f616-eb11-995e-000c295890ee', N'starszy chorąży marynarki', N'st. chor. mar.', 1, 100, 1, CAST(N'2020-10-25T19:44:02.140' AS DateTime))
INSERT tbl_military_rank (id_military_rank, id_nato_rank, full_name, short_name, is_polish, hierarchy, is_active, creation_time) VALUES (N'42e7336e-fa16-eb11-995e-000c295890ee', N'19f6f07d-f616-eb11-995e-000c295890ee', N'starszy chorąży sztabowy', N'st. chor. szt.', 1, 110, 1, CAST(N'2020-10-25T19:44:02.140' AS DateTime))
INSERT tbl_military_rank (id_military_rank, id_nato_rank, full_name, short_name, is_polish, hierarchy, is_active, creation_time) VALUES (N'43e7336e-fa16-eb11-995e-000c295890ee', N'19f6f07d-f616-eb11-995e-000c295890ee', N'starszy chorąży sztabowy marynarki', N'st. chor. szt. mar.', 1, 110, 1, CAST(N'2020-10-25T19:44:02.140' AS DateTime))
INSERT tbl_military_rank (id_military_rank, id_nato_rank, full_name, short_name, is_polish, hierarchy, is_active, creation_time) VALUES (N'44e7336e-fa16-eb11-995e-000c295890ee', N'1ff6f07d-f616-eb11-995e-000c295890ee', N'podporucznik', N'ppor.', 1, 120, 1, CAST(N'2020-10-25T19:44:02.140' AS DateTime))
INSERT tbl_military_rank (id_military_rank, id_nato_rank, full_name, short_name, is_polish, hierarchy, is_active, creation_time) VALUES (N'45e7336e-fa16-eb11-995e-000c295890ee', N'1ff6f07d-f616-eb11-995e-000c295890ee', N'podporucznik marynarki', N'ppor. mar.', 1, 120, 1, CAST(N'2020-10-25T19:44:02.140' AS DateTime))
INSERT tbl_military_rank (id_military_rank, id_nato_rank, full_name, short_name, is_polish, hierarchy, is_active, creation_time) VALUES (N'46e7336e-fa16-eb11-995e-000c295890ee', N'1ff6f07d-f616-eb11-995e-000c295890ee', N'porucznik', N'por.', 1, 130, 1, CAST(N'2020-10-25T19:44:02.140' AS DateTime))
INSERT tbl_military_rank (id_military_rank, id_nato_rank, full_name, short_name, is_polish, hierarchy, is_active, creation_time) VALUES (N'47e7336e-fa16-eb11-995e-000c295890ee', N'1ff6f07d-f616-eb11-995e-000c295890ee', N'porucznik marynarki', N'por. mar.', 1, 130, 1, CAST(N'2020-10-25T19:44:02.140' AS DateTime))
INSERT tbl_military_rank (id_military_rank, id_nato_rank, full_name, short_name, is_polish, hierarchy, is_active, creation_time) VALUES (N'48e7336e-fa16-eb11-995e-000c295890ee', N'20f6f07d-f616-eb11-995e-000c295890ee', N'kapitan', N'kpt.', 1, 140, 1, CAST(N'2020-10-25T19:44:02.140' AS DateTime))
INSERT tbl_military_rank (id_military_rank, id_nato_rank, full_name, short_name, is_polish, hierarchy, is_active, creation_time) VALUES (N'49e7336e-fa16-eb11-995e-000c295890ee', N'20f6f07d-f616-eb11-995e-000c295890ee', N'kapitan marynarki', N'kpt. mar.', 1, 140, 1, CAST(N'2020-10-25T19:44:02.140' AS DateTime))
INSERT tbl_military_rank (id_military_rank, id_nato_rank, full_name, short_name, is_polish, hierarchy, is_active, creation_time) VALUES (N'4ae7336e-fa16-eb11-995e-000c295890ee', N'21f6f07d-f616-eb11-995e-000c295890ee', N'major', N'mjr', 1, 150, 1, CAST(N'2020-10-25T19:44:02.140' AS DateTime))
INSERT tbl_military_rank (id_military_rank, id_nato_rank, full_name, short_name, is_polish, hierarchy, is_active, creation_time) VALUES (N'4be7336e-fa16-eb11-995e-000c295890ee', N'21f6f07d-f616-eb11-995e-000c295890ee', N'komandor podporucznik', N'kmdr ppor.', 1, 150, 1, CAST(N'2020-10-25T19:44:02.140' AS DateTime))
INSERT tbl_military_rank (id_military_rank, id_nato_rank, full_name, short_name, is_polish, hierarchy, is_active, creation_time) VALUES (N'4ce7336e-fa16-eb11-995e-000c295890ee', N'22f6f07d-f616-eb11-995e-000c295890ee', N'podpółkownik', N'ppłk', 1, 160, 1, CAST(N'2020-10-25T19:44:02.140' AS DateTime))
INSERT tbl_military_rank (id_military_rank, id_nato_rank, full_name, short_name, is_polish, hierarchy, is_active, creation_time) VALUES (N'4de7336e-fa16-eb11-995e-000c295890ee', N'22f6f07d-f616-eb11-995e-000c295890ee', N'komandor porucznik', N'kmdr por.', 1, 160, 1, CAST(N'2020-10-25T19:44:02.140' AS DateTime))
INSERT tbl_military_rank (id_military_rank, id_nato_rank, full_name, short_name, is_polish, hierarchy, is_active, creation_time) VALUES (N'4ee7336e-fa16-eb11-995e-000c295890ee', N'23f6f07d-f616-eb11-995e-000c295890ee', N'półkownik', N'płk', 1, 170, 1, CAST(N'2020-10-25T19:44:02.140' AS DateTime))
INSERT tbl_military_rank (id_military_rank, id_nato_rank, full_name, short_name, is_polish, hierarchy, is_active, creation_time) VALUES (N'4fe7336e-fa16-eb11-995e-000c295890ee', N'23f6f07d-f616-eb11-995e-000c295890ee', N'komandor', N'kmdr', 1, 170, 1, CAST(N'2020-10-25T19:44:02.140' AS DateTime))
INSERT tbl_military_rank (id_military_rank, id_nato_rank, full_name, short_name, is_polish, hierarchy, is_active, creation_time) VALUES (N'50e7336e-fa16-eb11-995e-000c295890ee', N'24f6f07d-f616-eb11-995e-000c295890ee', N'generał brygady', N'gen. bryg.', 1, 180, 1, CAST(N'2020-10-25T19:44:02.140' AS DateTime))
INSERT tbl_military_rank (id_military_rank, id_nato_rank, full_name, short_name, is_polish, hierarchy, is_active, creation_time) VALUES (N'51e7336e-fa16-eb11-995e-000c295890ee', N'24f6f07d-f616-eb11-995e-000c295890ee', N'kontradmirał', N'kontradm.', 1, 180, 1, CAST(N'2020-10-25T19:44:02.140' AS DateTime))
INSERT tbl_military_rank (id_military_rank, id_nato_rank, full_name, short_name, is_polish, hierarchy, is_active, creation_time) VALUES (N'52e7336e-fa16-eb11-995e-000c295890ee', N'25f6f07d-f616-eb11-995e-000c295890ee', N'generał dywizji', N'gen. dyw.', 1, 190, 1, CAST(N'2020-10-25T19:44:02.140' AS DateTime))
INSERT tbl_military_rank (id_military_rank, id_nato_rank, full_name, short_name, is_polish, hierarchy, is_active, creation_time) VALUES (N'53e7336e-fa16-eb11-995e-000c295890ee', N'25f6f07d-f616-eb11-995e-000c295890ee', N'wiceadmirał', N'wiceadm.', 1, 190, 1, CAST(N'2020-10-25T19:44:02.140' AS DateTime))
INSERT tbl_military_rank (id_military_rank, id_nato_rank, full_name, short_name, is_polish, hierarchy, is_active, creation_time) VALUES (N'54e7336e-fa16-eb11-995e-000c295890ee', N'26f6f07d-f616-eb11-995e-000c295890ee', N'generał broni', N'gen. broni', 1, 200, 1, CAST(N'2020-10-25T19:44:02.140' AS DateTime))
INSERT tbl_military_rank (id_military_rank, id_nato_rank, full_name, short_name, is_polish, hierarchy, is_active, creation_time) VALUES (N'55e7336e-fa16-eb11-995e-000c295890ee', N'26f6f07d-f616-eb11-995e-000c295890ee', N'admirał floty', N'adm. floty', 1, 200, 1, CAST(N'2020-10-25T19:44:02.140' AS DateTime))
INSERT tbl_military_rank (id_military_rank, id_nato_rank, full_name, short_name, is_polish, hierarchy, is_active, creation_time) VALUES (N'56e7336e-fa16-eb11-995e-000c295890ee', N'27f6f07d-f616-eb11-995e-000c295890ee', N'generał', N'gen.', 1, 210, 1, CAST(N'2020-10-25T19:44:02.140' AS DateTime))
INSERT tbl_military_rank (id_military_rank, id_nato_rank, full_name, short_name, is_polish, hierarchy, is_active, creation_time) VALUES (N'57e7336e-fa16-eb11-995e-000c295890ee', N'27f6f07d-f616-eb11-995e-000c295890ee', N'admirał', N'adm.', 1, 210, 1, CAST(N'2020-10-25T19:44:02.140' AS DateTime))
INSERT tbl_military_rank (id_military_rank, id_nato_rank, full_name, short_name, is_polish, hierarchy, is_active, creation_time) VALUES (N'58e7336e-fa16-eb11-995e-000c295890ee', N'28f6f07d-f616-eb11-995e-000c295890ee', N'Marszałek Polski', N'Marszałek Polski', 1, 220, 1, CAST(N'2020-10-25T19:44:02.140' AS DateTime))
INSERT tbl_military_rank (id_military_rank, id_nato_rank, full_name, short_name, is_polish, hierarchy, is_active, creation_time) VALUES (N'59e7336e-fa16-eb11-995e-000c295890ee', N'11f6f07d-f616-eb11-995e-000c295890ee', N'NATO OR-1', N'OR-1', 0, 1100, 1, CAST(N'2020-10-25T19:44:02.140' AS DateTime))
INSERT tbl_military_rank (id_military_rank, id_nato_rank, full_name, short_name, is_polish, hierarchy, is_active, creation_time) VALUES (N'5ae7336e-fa16-eb11-995e-000c295890ee', N'12f6f07d-f616-eb11-995e-000c295890ee', N'NATO OR-2', N'OR-2', 0, 1200, 1, CAST(N'2020-10-25T19:44:02.140' AS DateTime))
INSERT tbl_military_rank (id_military_rank, id_nato_rank, full_name, short_name, is_polish, hierarchy, is_active, creation_time) VALUES (N'5be7336e-fa16-eb11-995e-000c295890ee', N'13f6f07d-f616-eb11-995e-000c295890ee', N'NATO OR-3', N'OR-3', 0, 1300, 1, CAST(N'2020-10-25T19:44:02.140' AS DateTime))
INSERT tbl_military_rank (id_military_rank, id_nato_rank, full_name, short_name, is_polish, hierarchy, is_active, creation_time) VALUES (N'5ce7336e-fa16-eb11-995e-000c295890ee', N'14f6f07d-f616-eb11-995e-000c295890ee', N'NATO OR-4', N'OR-4', 0, 1400, 1, CAST(N'2020-10-25T19:44:02.140' AS DateTime))
INSERT tbl_military_rank (id_military_rank, id_nato_rank, full_name, short_name, is_polish, hierarchy, is_active, creation_time) VALUES (N'5de7336e-fa16-eb11-995e-000c295890ee', N'15f6f07d-f616-eb11-995e-000c295890ee', N'NATO OR-5', N'OR-5', 0, 1500, 1, CAST(N'2020-10-25T19:44:02.140' AS DateTime))
INSERT tbl_military_rank (id_military_rank, id_nato_rank, full_name, short_name, is_polish, hierarchy, is_active, creation_time) VALUES (N'5ee7336e-fa16-eb11-995e-000c295890ee', N'16f6f07d-f616-eb11-995e-000c295890ee', N'NATO OR-6', N'OR-6', 0, 1600, 1, CAST(N'2020-10-25T19:44:02.140' AS DateTime))
INSERT tbl_military_rank (id_military_rank, id_nato_rank, full_name, short_name, is_polish, hierarchy, is_active, creation_time) VALUES (N'5fe7336e-fa16-eb11-995e-000c295890ee', N'17f6f07d-f616-eb11-995e-000c295890ee', N'NATO OR-7', N'OR-7', 0, 1700, 1, CAST(N'2020-10-25T19:44:02.140' AS DateTime))
INSERT tbl_military_rank (id_military_rank, id_nato_rank, full_name, short_name, is_polish, hierarchy, is_active, creation_time) VALUES (N'60e7336e-fa16-eb11-995e-000c295890ee', N'18f6f07d-f616-eb11-995e-000c295890ee', N'NATO OR-8', N'OR-8', 0, 1800, 1, CAST(N'2020-10-25T19:44:02.140' AS DateTime))
INSERT tbl_military_rank (id_military_rank, id_nato_rank, full_name, short_name, is_polish, hierarchy, is_active, creation_time) VALUES (N'61e7336e-fa16-eb11-995e-000c295890ee', N'19f6f07d-f616-eb11-995e-000c295890ee', N'NATO OR-9', N'OR-9', 0, 1900, 1, CAST(N'2020-10-25T19:44:02.140' AS DateTime))
INSERT tbl_military_rank (id_military_rank, id_nato_rank, full_name, short_name, is_polish, hierarchy, is_active, creation_time) VALUES (N'62e7336e-fa16-eb11-995e-000c295890ee', N'1af6f07d-f616-eb11-995e-000c295890ee', N'NATO WO-1', N'WO-1', 0, 2000, 1, CAST(N'2020-10-25T19:44:02.140' AS DateTime))
INSERT tbl_military_rank (id_military_rank, id_nato_rank, full_name, short_name, is_polish, hierarchy, is_active, creation_time) VALUES (N'63e7336e-fa16-eb11-995e-000c295890ee', N'1bf6f07d-f616-eb11-995e-000c295890ee', N'NATO WO-2', N'WO-2', 0, 2100, 1, CAST(N'2020-10-25T19:44:02.140' AS DateTime))
INSERT tbl_military_rank (id_military_rank, id_nato_rank, full_name, short_name, is_polish, hierarchy, is_active, creation_time) VALUES (N'64e7336e-fa16-eb11-995e-000c295890ee', N'1cf6f07d-f616-eb11-995e-000c295890ee', N'NATO WO-3', N'WO-3', 0, 2200, 1, CAST(N'2020-10-25T19:44:02.140' AS DateTime))
INSERT tbl_military_rank (id_military_rank, id_nato_rank, full_name, short_name, is_polish, hierarchy, is_active, creation_time) VALUES (N'65e7336e-fa16-eb11-995e-000c295890ee', N'1df6f07d-f616-eb11-995e-000c295890ee', N'NATO WO-4', N'WO-4', 0, 2300, 1, CAST(N'2020-10-25T19:44:02.140' AS DateTime))
INSERT tbl_military_rank (id_military_rank, id_nato_rank, full_name, short_name, is_polish, hierarchy, is_active, creation_time) VALUES (N'66e7336e-fa16-eb11-995e-000c295890ee', N'1ef6f07d-f616-eb11-995e-000c295890ee', N'NATO WO-5', N'WO-5', 0, 2400, 1, CAST(N'2020-10-25T19:44:02.140' AS DateTime))
INSERT tbl_military_rank (id_military_rank, id_nato_rank, full_name, short_name, is_polish, hierarchy, is_active, creation_time) VALUES (N'67e7336e-fa16-eb11-995e-000c295890ee', N'1ff6f07d-f616-eb11-995e-000c295890ee', N'NATO OF-1', N'OF-1', 0, 2500, 1, CAST(N'2020-10-25T19:44:02.140' AS DateTime))
INSERT tbl_military_rank (id_military_rank, id_nato_rank, full_name, short_name, is_polish, hierarchy, is_active, creation_time) VALUES (N'68e7336e-fa16-eb11-995e-000c295890ee', N'20f6f07d-f616-eb11-995e-000c295890ee', N'NATO OF-2', N'OF-2', 0, 2600, 1, CAST(N'2020-10-25T19:44:02.140' AS DateTime))
INSERT tbl_military_rank (id_military_rank, id_nato_rank, full_name, short_name, is_polish, hierarchy, is_active, creation_time) VALUES (N'69e7336e-fa16-eb11-995e-000c295890ee', N'21f6f07d-f616-eb11-995e-000c295890ee', N'NATO OF-3', N'OF-3', 0, 2700, 1, CAST(N'2020-10-25T19:44:02.140' AS DateTime))
INSERT tbl_military_rank (id_military_rank, id_nato_rank, full_name, short_name, is_polish, hierarchy, is_active, creation_time) VALUES (N'6ae7336e-fa16-eb11-995e-000c295890ee', N'22f6f07d-f616-eb11-995e-000c295890ee', N'NATO OF-4', N'OF-4', 0, 2800, 1, CAST(N'2020-10-25T19:44:02.140' AS DateTime))
INSERT tbl_military_rank (id_military_rank, id_nato_rank, full_name, short_name, is_polish, hierarchy, is_active, creation_time) VALUES (N'6be7336e-fa16-eb11-995e-000c295890ee', N'23f6f07d-f616-eb11-995e-000c295890ee', N'NATO OF-5', N'OF-5', 0, 2900, 1, CAST(N'2020-10-25T19:44:02.140' AS DateTime))
INSERT tbl_military_rank (id_military_rank, id_nato_rank, full_name, short_name, is_polish, hierarchy, is_active, creation_time) VALUES (N'6ce7336e-fa16-eb11-995e-000c295890ee', N'24f6f07d-f616-eb11-995e-000c295890ee', N'NATO OF-6', N'OF-6', 0, 3000, 1, CAST(N'2020-10-25T19:44:02.140' AS DateTime))
INSERT tbl_military_rank (id_military_rank, id_nato_rank, full_name, short_name, is_polish, hierarchy, is_active, creation_time) VALUES (N'6de7336e-fa16-eb11-995e-000c295890ee', N'25f6f07d-f616-eb11-995e-000c295890ee', N'NATO OF-7', N'OF-7', 0, 3100, 1, CAST(N'2020-10-25T19:44:02.140' AS DateTime))
INSERT tbl_military_rank (id_military_rank, id_nato_rank, full_name, short_name, is_polish, hierarchy, is_active, creation_time) VALUES (N'6ee7336e-fa16-eb11-995e-000c295890ee', N'26f6f07d-f616-eb11-995e-000c295890ee', N'NATO OF-8', N'OF-8', 0, 3200, 1, CAST(N'2020-10-25T19:44:02.140' AS DateTime))
INSERT tbl_military_rank (id_military_rank, id_nato_rank, full_name, short_name, is_polish, hierarchy, is_active, creation_time) VALUES (N'6fe7336e-fa16-eb11-995e-000c295890ee', N'27f6f07d-f616-eb11-995e-000c295890ee', N'NATO OF-9', N'OF-9', 0, 3300, 1, CAST(N'2020-10-25T19:44:02.140' AS DateTime))
INSERT tbl_military_rank (id_military_rank, id_nato_rank, full_name, short_name, is_polish, hierarchy, is_active, creation_time) VALUES (N'70e7336e-fa16-eb11-995e-000c295890ee', N'28f6f07d-f616-eb11-995e-000c295890ee', N'NATO OF-10', N'OF-10', 0, 3400, 1, CAST(N'2020-10-25T19:44:02.140' AS DateTime))
GO

INSERT tbl_security_state (id_security_state, full_name, short_name, is_active, creation_time) VALUES (N'3f2f7ac9-fc16-eb11-995e-000c295890ee', N'Polska', N'POL', 1, CAST(N'2020-10-25T20:00:54.273' AS DateTime))
INSERT tbl_security_state (id_security_state, full_name, short_name, is_active, creation_time) VALUES (N'1003f8cf-fc16-eb11-995e-000c295890ee', N'Pakt Północnoatlantycki', N'NATO', 1, CAST(N'2020-10-25T20:01:05.163' AS DateTime))
INSERT tbl_security_state (id_security_state, full_name, short_name, is_active, creation_time) VALUES (N'1103f8cf-fc16-eb11-995e-000c295890ee', N'Unia Europejska', N'EU', 1, CAST(N'2020-10-25T20:01:11.767' AS DateTime))
GO

INSERT tbl_security_classification (id_security_classification, id_security_state, full_name, short_name, hierarchy, is_active, creation_time) VALUES (N'84b3561f-fe16-eb11-995e-000c295890ee', N'3f2f7ac9-fc16-eb11-995e-000c295890ee', N'Jawne', N'J', 0, 1, CAST(N'2020-10-25T20:10:27.820' AS DateTime))
INSERT tbl_security_classification (id_security_classification, id_security_state, full_name, short_name, hierarchy, is_active, creation_time) VALUES (N'85b3561f-fe16-eb11-995e-000c295890ee', N'3f2f7ac9-fc16-eb11-995e-000c295890ee', N'Zastrzezone', N'Z', 100, 1, CAST(N'2020-10-25T20:10:27.820' AS DateTime))
INSERT tbl_security_classification (id_security_classification, id_security_state, full_name, short_name, hierarchy, is_active, creation_time) VALUES (N'86b3561f-fe16-eb11-995e-000c295890ee', N'3f2f7ac9-fc16-eb11-995e-000c295890ee', N'Poufne', N'PF', 200, 1, CAST(N'2020-10-25T20:10:27.820' AS DateTime))
INSERT tbl_security_classification (id_security_classification, id_security_state, full_name, short_name, hierarchy, is_active, creation_time) VALUES (N'87b3561f-fe16-eb11-995e-000c295890ee', N'3f2f7ac9-fc16-eb11-995e-000c295890ee', N'Tajne', N'T', 300, 1, CAST(N'2020-10-25T20:10:27.820' AS DateTime))
INSERT tbl_security_classification (id_security_classification, id_security_state, full_name, short_name, hierarchy, is_active, creation_time) VALUES (N'88b3561f-fe16-eb11-995e-000c295890ee', N'3f2f7ac9-fc16-eb11-995e-000c295890ee', N'Ściśle Tajne', N'ŚT', 400, 1, CAST(N'2020-10-25T20:10:27.820' AS DateTime))
INSERT tbl_security_classification (id_security_classification, id_security_state, full_name, short_name, hierarchy, is_active, creation_time) VALUES (N'89b3561f-fe16-eb11-995e-000c295890ee', N'1003f8cf-fc16-eb11-995e-000c295890ee', N'NATO Unclassified', N'NU', 0, 1, CAST(N'2020-10-25T20:10:27.820' AS DateTime))
INSERT tbl_security_classification (id_security_classification, id_security_state, full_name, short_name, hierarchy, is_active, creation_time) VALUES (N'8ab3561f-fe16-eb11-995e-000c295890ee', N'1003f8cf-fc16-eb11-995e-000c295890ee', N'NATO Restricted', N'NR', 100, 1, CAST(N'2020-10-25T20:10:27.820' AS DateTime))
INSERT tbl_security_classification (id_security_classification, id_security_state, full_name, short_name, hierarchy, is_active, creation_time) VALUES (N'8bb3561f-fe16-eb11-995e-000c295890ee', N'1003f8cf-fc16-eb11-995e-000c295890ee', N'NATO Confidential', N'NC', 200, 1, CAST(N'2020-10-25T20:10:27.820' AS DateTime))
INSERT tbl_security_classification (id_security_classification, id_security_state, full_name, short_name, hierarchy, is_active, creation_time) VALUES (N'8cb3561f-fe16-eb11-995e-000c295890ee', N'1003f8cf-fc16-eb11-995e-000c295890ee', N'NATO Secret', N'NS', 300, 1, CAST(N'2020-10-25T20:10:27.820' AS DateTime))
INSERT tbl_security_classification (id_security_classification, id_security_state, full_name, short_name, hierarchy, is_active, creation_time) VALUES (N'8db3561f-fe16-eb11-995e-000c295890ee', N'1003f8cf-fc16-eb11-995e-000c295890ee', N'Cosmic Top Secret', N'CTS', 400, 1, CAST(N'2020-10-25T20:10:27.820' AS DateTime))
INSERT tbl_security_classification (id_security_classification, id_security_state, full_name, short_name, hierarchy, is_active, creation_time) VALUES (N'8eb3561f-fe16-eb11-995e-000c295890ee', N'1103f8cf-fc16-eb11-995e-000c295890ee', N'EU  Unclassified', N'EUU', 0, 1, CAST(N'2020-10-25T20:10:27.820' AS DateTime))
INSERT tbl_security_classification (id_security_classification, id_security_state, full_name, short_name, hierarchy, is_active, creation_time) VALUES (N'8fb3561f-fe16-eb11-995e-000c295890ee', N'1103f8cf-fc16-eb11-995e-000c295890ee', N'EU Restricted', N'EUR', 100, 1, CAST(N'2020-10-25T20:10:27.820' AS DateTime))
INSERT tbl_security_classification (id_security_classification, id_security_state, full_name, short_name, hierarchy, is_active, creation_time) VALUES (N'90b3561f-fe16-eb11-995e-000c295890ee', N'1103f8cf-fc16-eb11-995e-000c295890ee', N'EU Confidential', N'EUC', 200, 1, CAST(N'2020-10-25T20:10:27.820' AS DateTime))
INSERT tbl_security_classification (id_security_classification, id_security_state, full_name, short_name, hierarchy, is_active, creation_time) VALUES (N'91b3561f-fe16-eb11-995e-000c295890ee', N'1103f8cf-fc16-eb11-995e-000c295890ee', N'EU Secret', N'EUS', 300, 1, CAST(N'2020-10-25T20:10:27.820' AS DateTime))
INSERT tbl_security_classification (id_security_classification, id_security_state, full_name, short_name, hierarchy, is_active, creation_time) VALUES (N'92b3561f-fe16-eb11-995e-000c295890ee', N'1103f8cf-fc16-eb11-995e-000c295890ee', N'EU Top Secret', N'EUTS', 400, 1, CAST(N'2020-10-25T20:10:27.820' AS DateTime))
GO